player_id,full_name,position,team,jersey_number,birth_city,birth_state_province,birth_country,birthdate,nationality,height,weight_lbs,birth_lat,birth_lon
8484153,Leo Carlsson,C,ANA,91,Karlstad,,SWE,2004-12-26,,"6'3""",208,59.3809146,13.5027631
8483444,Nathan Gaucher,C,ANA,41,Chambly,Quebec,CAN,2003-11-06,,"6'3""",226,5.3067622,-3.9847643
8483445,Cutter Gauthier,L,ANA,61,Skelleftea,,SWE,2004-01-19,,"6'2""",205,64.7520185,20.9593390
8475798,Mikael Granlund,C,ANA,64,Oulu,,FIN,1992-02-26,,"5'10""",193,65.0117914,25.4701973
8478424,Jansen Harkins,C,ANA,24,Cleveland,Ohio,USA,1997-05-23,,"6'1""",197,41.4996574,-81.6936772
8477527,Ross Johnston,L,ANA,44,Charlottetown,Prince Edward Island,CAN,1994-02-18,,"6'5""",232,46.2683522,-63.1121107
8473986,Alex Killorn,L,ANA,17,Halifax,Nova Scotia,CAN,1989-09-14,,"6'1""",205,-43.4964318,172.5817965
8475184,Chris Kreider,L,ANA,20,Boxford,Massachusetts,USA,1991-04-30,,"6'3""",232,42.6605844,-70.9971204
8482745,Mason McTavish,C,ANA,23,Zurich,,CHE,2003-01-30,,"6'1""",219,53.4822197,-2.2427220
8480068,Ryan Poehling,C,ANA,25,Lakeville,Minnesota,USA,1999-01-03,,"6'2""",206,44.6500510,-93.2432791
8484762,Beckett Sennecke,R,ANA,45,Toronto,Ontario,CAN,2006-01-28,,"6'3""",206,43.7251226,-79.5514013
8478873,Troy Terry,R,ANA,19,Denver,Colorado,USA,1997-09-10,,"6'0""",193,39.7392364,-104.9848620
8478366,Frank Vatrano,R,ANA,77,East Longmeadow,Massachusetts,USA,1994-03-14,,"5'11""",203,42.0649060,-72.5129296
8479705,Jeffrey Viel,L,ANA,28,Rimouski,Quebec,CAN,1997-01-28,,"6'1""",214,48.4501550,-68.5299680
8485512,Tim Washe,C,ANA,42,Detroit,Michigan,USA,2001-08-25,,"6'3""",212,42.3315509,-83.0466403
8474590,John Carlson,D,ANA,74,Natick,Massachusetts,USA,1990-01-10,,"6'3""",220,42.2836393,-71.3469960
8475462,Radko Gudas,D,ANA,7,Prague,,CZE,1990-06-05,,"6'0""",208,50.0490280,14.3137333
8481563,Drew Helleson,D,ANA,14,Farmington,Minnesota,USA,2001-03-26,,"6'3""",208,44.6402434,-93.1435497
8481605,Jackson LaCombe,D,ANA,2,Eden Prairie,Minnesota,USA,2001-01-09,,"6'2""",208,44.8546856,-93.4707860
8483490,Pavel Mintyukov,D,ANA,98,Moscow,,RUS,2003-11-25,,"6'1""",207,55.6918053,37.5556847
8482178,Ian Moore,D,ANA,3,Salt Lake City,Utah,USA,2002-01-04,,"6'3""",205,40.7596198,-111.8867970
8476885,Jacob Trouba,D,ANA,65,Rochester,Michigan,USA,1994-02-26,,"6'3""",212,42.6805880,-83.1338214
8482803,Olen Zellweger,D,ANA,51,Calgary,Alberta,CAN,2003-09-10,,"5'10""",193,51.0414312,-114.0176929
8480843,Lukas Dostal,G,ANA,1,Brno,,CZE,2000-06-22,,"6'2""",190,49.1922443,16.6113382
8478024,Ville Husso,G,ANA,33,Helsinki,,FIN,1995-02-06,,"6'3""",205,60.1839934,24.9589871
8475852,Petr Mrazek,G,ANA,34,Ostrava,,CZE,1992-02-14,,"6'2""",192,49.8349139,18.2820084
8478042,Viktor Arvidsson,L,BOS,71,Skelleftea,,SWE,1993-04-08,,"5'10""",181,64.7520185,20.9593390
8479591,Michael Eyssimont,C,BOS,81,Littleton,Colorado,USA,1996-09-09,,"6'0""",195,39.6133210,-105.0166490
8479987,Morgan Geekie,C,BOS,39,Strathclair,Manitoba,CAN,1998-07-20,,"6'3""",212,50.4044635,-100.3955365
8479661,Tanner Jeannot,L,BOS,84,Estevan,Saskatchewan,CAN,1997-05-29,,"6'2""",221,49.1428076,-102.9910750
8480355,Mark Kastelic,C,BOS,47,Phoenix,Arizona,USA,1999-03-11,,"6'4""",234,33.4484367,-112.0741410
8482177,Marat Khusnutdinov,C,BOS,92,Moscow,,RUS,2002-07-17,,"5'11""",184,55.6918053,37.5556847
8476374,Sean Kuraly,C,BOS,52,Niagara Falls,New York,USA,1993-01-20,,"6'2""",208,43.0848410,-79.0701786
8477496,Elias Lindholm,C,BOS,28,Boden,,SWE,1994-12-02,,"6'1""",200,46.1229748,18.4846651
8483489,Fraser Minten,C,BOS,93,Vancouver,British Columbia,CAN,2004-07-05,,"6'2""",204,49.2555365,-123.1149370
8479999,Casey Mittelstadt,C,BOS,11,Eden Prairie,Minnesota,USA,1998-11-22,,"6'1""",205,44.8546856,-93.4707860
8477956,David Pastrnak,R,BOS,88,Havirov,,CZE,1996-05-25,,"6'0""",199,49.7801136,18.4368451
8482117,Lukas Reichel,L,BOS,75,Nürnberg,,DEU,2002-05-17,,"6'0""",170,49.4538720,11.0772980
8482634,Alex Steeves,C,BOS,21,Saint Paul,Minnesota,USA,1999-12-10,,"6'0""",199,44.9497487,-93.0931028
8478401,Pavel Zacha,C,BOS,18,Brno,,CZE,1997-04-06,,"6'4""",211,49.1922443,16.6113382
8481219,Jonathan Aspirot,D,BOS,45,Mascouche,Quebec,CAN,1999-05-16,,"6'0""",212,45.7453521,-73.6005591
8480887,Jordan Harris,D,BOS,43,Haverhill,Massachusetts,USA,2000-07-07,,"6'0""",189,42.7777829,-71.0767724
8480035,Henri Jokiharju,D,BOS,20,Oulu,,FIN,1999-06-17,,"6'0""",205,65.0117914,25.4701973
8476854,Hampus Lindholm,D,BOS,27,Helsingborg,,SWE,1994-01-20,,"6'4""",217,56.0442098,12.7037060
8482511,Mason Lohrei,D,BOS,6,Baton Rouge,Louisiana,USA,2001-01-17,,"6'5""",218,30.4494155,-91.1869659
8479325,Charlie McAvoy,D,BOS,73,Long Beach,New York,USA,1997-12-21,,"6'1""",211,40.5885508,-73.6582631
8479369,Andrew Peeke,D,BOS,26,Parkland,Florida,USA,1998-03-17,,"6'3""",214,26.3100794,-80.2372700
8477507,Nikita Zadorov,D,BOS,91,Moscow,,RUS,1995-04-16,,"6'7""",255,55.6918053,37.5556847
8476914,Joonas Korpisalo,G,BOS,70,Pori,,FIN,1994-04-28,,"6'4""",200,61.4866126,21.7972071
8480280,Jeremy Swayman,G,BOS,1,Anchorage,Alaska,USA,1998-11-24,,"6'3""",195,61.2163129,-149.8948520
8484145,Zach Benson,L,BUF,6,Chilliwack,British Columbia,CAN,2005-05-12,,"5'10""",177,49.1709788,-121.9525500
8475842,Sam Carrick,C,BUF,10,Stouffville,Ontario,CAN,1992-02-04,,"6'0""",202,43.8765411,-79.2862039
8479941,Justin Danforth,R,BUF,15,Oshawa,Ontario,CAN,1993-03-15,,"5'8""",193,43.8975558,-78.8635324
8482659,Josh Doan,R,BUF,91,Scottsdale,Arizona,USA,2002-02-01,,"6'2""",198,33.4942189,-111.9260180
8482623,Josh Dunne,C,BUF,44,O'Fallon,Missouri,USA,1998-12-08,,"6'4""",208,38.7902503,-90.7033292
8478413,Jordan Greenway,L,BUF,12,Canton,New York,USA,1997-02-16,,"6'6""",231,44.5956163,-75.1690942
8482896,Tyson Kozak,C,BUF,48,Souris,Manitoba,CAN,2002-12-29,,"5'11""",185,5.3150798,-3.9038832
8481522,Peyton Krebs,C,BUF,19,Calgary,Alberta,CAN,2001-01-26,,"6'0""",188,51.0414312,-114.0176929
8483468,Jiri Kulich,C,BUF,20,Kadan,,CZE,2004-04-14,,"6'1""",193,50.3761991,13.2710364
8479359,Beck Malenstyn,L,BUF,29,Delta,British Columbia,CAN,1998-02-04,,"6'3""",209,-43.8808966,170.4962337
8480802,Ryan McLeod,C,BUF,71,Mississauga,Ontario,CAN,1999-09-21,,"6'3""",204,43.5801288,-79.6479803
8480064,Josh Norris,C,BUF,9,Oxford,Michigan,USA,1999-05-05,,"6'2""",196,42.8247524,-83.2646624
8483500,Noah Ostlund,C,BUF,86,Stockholm,,SWE,2004-03-11,,"5'11""",180,59.3587062,17.8736682
8476871,Tanner Pearson,L,BUF,70,Kitchener,Ontario,CAN,1992-08-10,,"6'1""",207,43.4497181,-80.4910447
8482097,Jack Quinn,R,BUF,22,Ottawa,Ontario,CAN,2001-09-19,,"6'1""",185,45.4041115,-75.7118830
8479420,Tage Thompson,C,BUF,72,Phoenix,Arizona,USA,1997-10-30,,"6'6""",220,33.4484367,-112.0741410
8477949,Alex Tuch,R,BUF,89,Syracuse,New York,USA,1996-05-10,,"6'4""",219,43.0481221,-76.1474244
8475722,Jason Zucker,L,BUF,17,Newport Beach,California,USA,1992-01-16,,"5'11""",198,33.6170092,-117.9294401
8481524,Bowen Byram,D,BUF,4,Cranbrook,British Columbia,CAN,2001-06-13,,"6'1""",205,-43.5000032,172.5747374
8480839,Rasmus Dahlin,D,BUF,26,Lidkoping,,SWE,2000-04-13,,"6'3""",204,58.5037196,13.1576427
8480891,Michael Kesselring,D,BUF,8,Florence,South Carolina,USA,2000-01-13,,"6'5""",215,34.1984435,-79.7671658
8484305,Zach Metsa,D,BUF,73,Delafield,Wisconsin,USA,1998-10-19,,"5'9""",198,43.0594237,-88.4040172
8482671,Owen Power,D,BUF,25,Mississauga,Ontario,CAN,2002-11-22,,"6'6""",226,43.5801288,-79.6479803
8480807,Mattias Samuelsson,D,BUF,23,Philadelphia,Pennsylvania,USA,2000-03-14,,"6'4""",229,39.9527237,-75.1635262
8474568,Luke Schenn,D,BUF,5,Saskatoon,Saskatchewan,CAN,1989-11-02,,"6'2""",225,52.1318020,-106.6607670
8479378,Logan Stanley,D,BUF,64,Waterloo,Ontario,CAN,1998-05-26,,"6'7""",231,43.3885904,-80.2939131
8479982,Conor Timmins,D,BUF,21,St. Catharines,Ontario,CAN,1998-09-18,,"6'3""",213,43.1585383,-79.2446787
8481551,Colten Ellis,G,BUF,92,Whycocomagh,Nova Scotia,CAN,2000-10-05,,"6'1""",191,45.9740206,-61.1271652
8480045,Ukko-Pekka Luukkonen,G,BUF,1,Espoo,,FIN,1999-03-09,,"6'5""",223,60.2049651,24.6559808
8479312,Alex Lyon,G,BUF,34,Baudette,Minnesota,USA,1992-12-09,,"6'1""",199,48.7124408,-94.6001710
8478427,Sebastian Aho,C,CAR,20,Rauma,,FIN,1997-07-26,,"6'0""",189,61.1289148,21.5039401
8482809,Jackson Blake,R,CAR,53,Fargo,North Dakota,USA,2003-08-03,,"5'11""",185,46.8772290,-96.7898210
8477478,William Carrier,L,CAR,28,LaSalle,Quebec,CAN,1994-12-20,,"6'2""",214,41.3474892,-88.9011861
8475235,Nicolas Deslauriers,L,CAR,44,LaSalle,Quebec,CAN,1991-02-22,,"6'1""",218,41.3474892,-88.9011861
8477940,Nikolaj Ehlers,L,CAR,27,Aalborg,,DNK,1996-02-14,,"6'0""",168,57.0462626,9.9215263
8475791,Taylor Hall,L,CAR,71,Calgary,Alberta,CAN,1991-11-14,,"6'1""",210,51.0414312,-114.0176929
8476873,Mark Jankowski,L,CAR,77,Hamilton,Ontario,CAN,1994-09-13,,"6'4""",200,-43.5545207,170.3292814
8482093,Seth Jarvis,C,CAR,24,Winnipeg,Manitoba,CAN,2002-02-01,,"5'10""",180,49.8825429,-97.1499315
8480829,Jesperi Kotkaniemi,C,CAR,82,Pori,,FIN,2000-07-06,,"6'3""",212,61.4866126,21.7972071
8476921,Jordan Martinook,L,CAR,48,Brandon,Manitoba,CAN,1992-07-25,,"6'1""",208,-43.2996694,172.6086816
8480762,Eric Robinson,L,CAR,50,Bellmawr,New Jersey,USA,1995-06-14,,"6'2""",220,39.8676134,-75.0946183
8473533,Jordan Staal,C,CAR,11,Thunder Bay,Ontario,CAN,1988-09-10,,"6'4""",220,50.2298564,-87.4261449
8482702,Logan Stankoven,C,CAR,22,Kamloops,British Columbia,CAN,2003-02-26,,"5'8""",165,50.6528167,-120.3687661
8480830,Andrei Svechnikov,R,CAR,37,Barnaul,,RUS,2000-03-26,,"6'3""",200,53.3911444,83.6668646
8478970,Jalen Chatfield,D,CAR,5,Ypsilanti,Michigan,USA,1996-05-15,,"6'1""",209,42.2410510,-83.6117646
8476906,Shayne Gostisbehere,D,CAR,4,Pembroke Pines,Florida,USA,1993-04-20,,"5'11""",183,26.0061943,-80.2872086
8480817,K'Andre Miller,D,CAR,19,St. Paul,Minnesota,USA,2000-01-21,,"6'5""",210,44.9497487,-93.0931028
8482100,Alexander Nikishin,D,CAR,21,Orel,,RUS,2001-10-02,,"6'3""",218,52.9362424,36.1259811
8476422,Mike Reilly,D,CAR,6,Glenview,Illinois,USA,1993-07-13,,"6'2""",191,42.0700662,-87.8114044
8476958,Jaccob Slavin,D,CAR,74,Denver,Colorado,USA,1994-05-01,,"6'3""",207,39.7392364,-104.9848620
8480336,Sean Walker,D,CAR,26,Keswick,Ontario,CAN,1994-11-13,,"5'11""",191,-43.5498178,172.6682389
8475883,Frederik Andersen,G,CAR,31,Herning,,DNK,1989-10-02,,"6'4""",229,56.1379757,8.9746623
8483548,Brandon Bussi,G,CAR,32,Sound Beach,New York,USA,1998-06-25,,"6'4""",218,40.9606885,-72.9729007
8481611,Pyotr Kochetkov,G,CAR,52,Penza,,RUS,1999-06-25,,"6'3""",196,53.1765982,45.0131181
8479944,Zachary Aston-Reese,L,CBJ,27,Staten Island,New York,USA,1994-08-10,,"6'1""",203,40.5834557,-74.1496048
8475745,Charlie Coyle,C,CBJ,3,East Weymouth,Massachusetts,USA,1992-03-02,,"6'3""",221,42.2157579,-70.9251565
8483432,Luca Del Bel Belluz,C,CBJ,65,Woodbridge,Ontario,CAN,2003-11-10,,"6'1""",185,-43.5662685,172.6344228
8484166,Adam Fantilli,C,CBJ,19,Nobleton,Ontario,CAN,2004-10-12,,"6'2""",205,28.6439565,-82.2620957
8478856,Conor Garland,R,CBJ,83,Scituate,Massachusetts,USA,1996-03-11,,"5'10""",165,42.1924492,-70.7261966
8478046,Danton Heinen,L,CBJ,43,Langley,British Columbia,CAN,1995-07-05,,"6'2""",187,-43.8155499,172.0342861
8476432,Boone Jenner,C,CBJ,38,Dorchester,Ontario,CAN,1993-06-15,,"6'2""",204,33.0237956,-80.2668072
8482660,Kent Johnson,C,CBJ,91,Port Moody,British Columbia,CAN,2002-10-18,,"6'0""",170,49.2821981,-122.8293554
8480806,Isac Lundeström,C,CBJ,21,Gallivare,,SWE,1999-11-06,,"6'1""",192,67.3000000,20.2500000
8480893,Kirill Marchenko,R,CBJ,86,Barnaul,,RUS,2000-07-21,,"6'3""",201,53.3911444,83.6668646
8478975,Mason Marchment,L,CBJ,17,Uxbridge,Ontario,CAN,1995-06-18,,"6'5""",212,-43.4817941,172.6089216
8477497,Sean Monahan,C,CBJ,23,Brampton,Ontario,CAN,1994-10-12,,"6'2""",206,-43.5205062,172.3744971
8479671,Mathieu Olivier,R,CBJ,24,Biloxi,Mississippi,USA,1997-02-11,,"6'1""",232,30.4007626,-88.8893818
8482705,Cole Sillinger,C,CBJ,4,Columbus,Ohio,USA,2003-05-16,,"6'0""",202,39.9622601,-83.0007065
8481716,Dmitri Voronkov,L,CBJ,10,Angarsk,,RUS,2000-09-10,,"6'5""",234,52.5443167,103.8882138
8477425,Miles Wood,L,CBJ,11,Buffalo,New York,USA,1995-09-13,,"6'2""",209,42.8864163,-78.8781493
8481161,Jake Christiansen,D,CBJ,2,West Vancouver,British Columbia,CAN,1999-09-12,,"6'0""",199,49.2632051,-123.1364266
8479371,Dante Fabbro,D,CBJ,15,Coquitlam,British Columbia,CAN,1998-06-20,,"6'0""",200,49.2842958,-122.7932810
8475790,Erik Gudbranson,D,CBJ,44,Ottawa,Ontario,CAN,1992-01-07,,"6'5""",222,45.4041115,-75.7118830
8483485,Denton Mateychuk,D,CBJ,5,Winnipeg,Manitoba,CAN,2004-07-12,,"5'11""",188,49.8825429,-97.1499315
8478500,Ivan Provorov,D,CBJ,9,Yaroslavl,,RUS,1997-01-13,,"6'1""",224,57.5718931,39.8491607
8476923,Damon Severson,D,CBJ,78,Melville,Saskatchewan,CAN,1994-08-07,,"6'2""",204,-43.4888954,172.5791345
8474090,Brendan Smith,D,CBJ,7,Mimico,Ontario,CAN,1989-02-08,,"6'2""",200,43.6166773,-79.4968048
8478460,Zach Werenski,D,CBJ,8,Grosse Pointe,Michigan,USA,1997-07-19,,"6'2""",214,42.3861485,-82.9118591
8481178,Egor Zamula,D,CBJ,6,Chelyabinsk,,RUS,2000-03-30,,"6'3""",200,55.1805270,61.4000124
8482982,Jet Greaves,G,CBJ,73,Cambridge,Ontario,CAN,2001-03-30,,"6'0""",188,43.4056536,-80.2857801
8478007,Elvis Merzlikins,G,CBJ,90,Riga,,LVA,1994-04-13,,"6'3""",190,56.9493977,24.1051846
8474150,Mikael Backlund,C,CGY,11,Vasteras,,SWE,1989-03-17,,"6'0""",206,59.6110992,16.5463679
8481556,John Beecher,C,CGY,18,Elmira,New York,USA,2001-04-05,,"6'3""",220,42.0897965,-76.8077338
8476399,Blake Coleman,L,CGY,20,Plano,Texas,USA,1991-11-28,,"5'11""",199,33.0136764,-96.6925096
8482679,Matt Coronato,R,CGY,27,Greenlawn,New York,USA,2002-11-14,,"5'10""",183,40.8608685,-73.3633136
8480797,Joel Farabee,L,CGY,86,Syracuse,New York,USA,2000-02-25,,"6'0""",186,43.0481221,-76.1474244
8480028,Morgan Frost,C,CGY,16,Aurora,Ontario,CAN,1999-05-14,,"6'0""",193,-43.5299480,172.5237035
8484860,Matvei Gridin,R,CGY,92,Kurgan,,RUS,2006-03-01,,"6'1""",182,55.0685599,67.8900491
8486056,Tyson Gross,C,CGY,39,Calgary,Alberta,CAN,2002-09-23,,"6'3""",195,51.0414312,-114.0176929
8484180,Samuel Honzek,L,CGY,29,Trencin,,SVK,2004-11-12,,"6'4""",186,48.8922719,18.0387465
8476456,Jonathan Huberdeau,L,CGY,10,Saint-Jerome,Quebec,CAN,1993-06-04,,"6'1""",200,5.3705978,-3.9111040
8483609,Adam Klapka,R,CGY,43,Praha,,CZE,2000-09-14,,"6'8""",235,50.0490280,14.3137333
8479066,Ryan Lomberg,L,CGY,70,Richmond Hill,Ontario,CAN,1994-12-09,,"5'9""",184,43.8415634,-79.3997235
8478109,Victor Olofsson,L,CGY,95,Ornskoldsvik,,SWE,1995-07-18,,"5'11""",180,63.2888613,18.7160209
8482747,Brennan Othmann,L,CGY,78,Pickering,Ontario,CAN,2003-01-05,,"6'0""",192,-43.4961053,172.5589684
8481028,Martin Pospisil,C,CGY,76,Zvolen,,SVK,1999-11-19,,"6'2""",173,48.5782517,19.1247135
8481068,Yegor Sharangovich,C,CGY,17,Minsk,,BLR,1998-06-06,,"6'2""",196,53.9441345,27.6662030
8476458,Ryan Strome,C,CGY,22,Mississauga,Ontario,CAN,1993-07-11,,"6'1""",192,43.5801288,-79.6479803
8482074,Connor Zary,C,CGY,47,Saskatoon,Saskatchewan,CAN,2001-09-25,,"6'0""",178,52.1318020,-106.6607670
8480860,Kevin Bahl,D,CGY,7,New Westminster,British Columbia,CAN,2000-06-27,,"6'6""",230,49.1567036,-122.7740362
8479402,Jake Bean,D,CGY,24,Calgary,Alberta,CAN,1998-06-09,,"6'1""",191,51.0414312,-114.0176929
8484150,Hunter Brzustewicz,D,CGY,48,Washington,Michigan,USA,2004-11-29,,"6'0""",190,42.3021687,-83.2571530
8477810,Joel Hanley,D,CGY,44,Keswick,Ontario,CAN,1991-06-08,,"5'11""",186,-43.5498178,172.6682389
8482165,Yan Kuznetsov,D,CGY,37,Murmansk,,RUS,2002-03-09,,"6'4""",209,68.8917606,33.1011770
8476874,Olli Määttä,D,CGY,3,Jyväskylä,,FIN,1994-08-22,,"6'2""",207,62.2484126,25.8847762
8481167,Brayden Pachal,D,CGY,94,Estevan,Saskatchewan,CAN,1999-08-23,,"6'2""",202,49.1428076,-102.9910750
8484768,Zayne Parekh,D,CGY,19,Markham,Ontario,CAN,2006-02-15,,"6'0""",179,43.8561273,-79.3035489
8480727,Zach Whitecloud,D,CGY,28,Brandon,Manitoba,CAN,1996-11-28,,"6'2""",210,-43.2996694,172.6086816
8482445,Devin Cooley,G,CGY,1,Los Gatos,California,USA,1997-05-25,,"6'5""",192,37.2266110,-121.9746797
8481692,Dustin Wolf,G,CGY,32,Gilroy,California,USA,2001-04-16,,"6'0""",166,37.0065078,-121.5631723
8484144,Connor Bedard,C,CHI,98,North Vancouver,British Columbia,CAN,2005-07-17,,"5'10""",190,49.3542956,-123.0578131
8477479,Tyler Bertuzzi,L,CHI,59,Sudbury,Ontario,CAN,1995-02-24,,"6'2""",200,46.5049919,-80.9483848
8484793,Sacha Boisvert,C,CHI,12,Trois-Rivières,Quebec,CAN,2006-03-17,,"6'2""",176,46.3432325,-72.5428485
8477444,Andre Burakovsky,L,CHI,28,Klagenfurt,,AUT,1995-02-09,,"6'3""",203,46.6239430,14.3075976
8477987,Ryan Donato,C,CHI,8,Boston,Massachusetts,USA,1996-04-09,,"6'0""",190,42.3588336,-71.0578303
8485391,Anton Frondell,C,CHI,16,Trangsund,,SWE,2007-05-07,,"6'1""",198,59.2334123,18.1404810
8483450,Ryan Greene,C,CHI,20,St. John's,Newfoundland and Labrador,CAN,2003-10-21,,"6'1""",195,-44.2607048,171.1273802
8478043,Sam Lafferty,C,CHI,24,Hollidaysburg,Pennsylvania,USA,1995-03-06,,"6'2""",205,40.4307740,-78.3900826
8484185,Nick Lardis,L,CHI,76,Oakville,Ontario,CAN,2005-07-08,,"5'11""",165,43.3940055,-79.7520106
8478233,Andrew Mangiapane,L,CHI,26,Toronto,Ontario,CAN,1996-04-04,,"5'10""",183,43.7251226,-79.5514013
8481624,Ilya Mikheyev,R,CHI,95,Omsk,,RUS,1994-10-10,,"6'2""",192,54.9923535,73.4653995
8484197,Oliver Moore,C,CHI,11,Mounds View,Minnesota,USA,2005-01-22,,"5'11""",188,45.1068949,-93.2075931
8483493,Frank Nazar,C,CHI,91,Detroit,Michigan,USA,2004-01-14,,"5'10""",190,42.3315509,-83.0466403
8482172,Landon Slaggert,L,CHI,84,South Bend,Indiana,USA,2002-06-25,,"6'0""",180,41.6833813,-86.2500066
8476882,Teuvo Teravainen,C,CHI,86,Helsinki,,FIN,1994-09-11,,"5'11""",191,60.1839934,24.9589871
8476952,Dominic Toninato,C,CHI,25,Duluth,Minnesota,USA,1994-03-09,,"6'2""",201,46.7838287,-92.1052679
8481806,Louis Crevier,D,CHI,46,Quebec City,Quebec,CAN,2001-05-04,,"6'8""",228,-43.5213571,172.6885526
8482807,Ethan Del Mastro,D,CHI,38,Burlington,Ontario,CAN,2003-01-15,,"6'4""",210,-43.5479887,172.6426330
8476891,Matt Grzelcyk,D,CHI,48,Charlestown,Massachusetts,USA,1994-01-05,,"5'10""",180,42.3778749,-71.0619957
8482176,Wyatt Kaiser,D,CHI,44,Andover,Minnesota,USA,2002-07-31,,"6'0""",190,45.2332985,-93.2913405
8483466,Kevin Korchinski,D,CHI,14,Saskatoon,Saskatchewan,CAN,2004-06-21,,"6'1""",185,52.1318020,-106.6607670
8484783,Artyom Levshunov,D,CHI,55,Zhlobin,,BLR,2005-10-28,,"6'2""",208,52.8909181,30.0368186
8483506,Sam Rinzel,D,CHI,6,Chanhassen,Minnesota,USA,2004-06-25,,"6'4""",194,44.8618403,-93.5307207
8481568,Alex Vlasic,D,CHI,72,Wilmette,Illinois,USA,2001-06-05,,"6'6""",217,42.0760660,-87.7115555
8481519,Spencer Knight,G,CHI,30,Darien,Connecticut,USA,2001-04-19,,"6'3""",191,41.0787079,-73.4692873
8482821,Arvid Soderblom,G,CHI,40,Göteborg,,SWE,1999-08-19,,"6'3""",180,57.7072326,11.9670171
8482947,Zakhar Bardakov,C,COL,93,Berdsk,,RUS,2001-02-24,,"6'2""",198,54.7579500,83.1068095
8479525,Ross Colton,C,COL,20,Robbinsville,New Jersey,USA,1996-09-11,,"6'0""",194,40.2162828,-74.6198330
8480835,Jack Drury,C,COL,18,New York,New York,USA,2000-02-03,,"5'11""",186,40.7127281,-74.0060152
8475172,Nazem Kadri,C,COL,91,London,Ontario,CAN,1990-10-06,,"6'0""",185,42.9564040,-81.2301775
8480448,Parker Kelly,C,COL,17,Camrose,Alberta,CAN,1999-05-14,,"6'1""",185,-43.5189327,172.5670366
8481641,Joel Kiviranta,L,COL,94,Vantaa,,FIN,1996-03-23,,"5'11""",185,60.2929883,25.0436744
8476455,Gabriel Landeskog,L,COL,92,Stockholm,,SWE,1992-11-23,,"6'1""",215,59.3587062,17.8736682
8477476,Artturi Lehkonen,L,COL,62,Piikkio,,FIN,1995-07-04,,"5'11""",179,60.4254332,22.5130886
8477492,Nathan MacKinnon,C,COL,29,Halifax,Nova Scotia,CAN,1995-09-01,,"6'0""",200,-43.4964318,172.5817965
8480039,Martin Necas,C,COL,88,Nove Mesto na Morave,,CZE,1999-01-15,,"6'3""",195,49.5616916,16.0744185
8475754,Brock Nelson,C,COL,11,Warroad,Minnesota,USA,1991-10-15,,"6'4""",205,48.9052660,-95.3144040
8477501,Valeri Nichushkin,R,COL,13,Chelyabinsk,,RUS,1995-03-04,,"6'4""",210,55.1805270,61.4000124
8481186,Logan O'Connor,R,COL,25,Missouri City,Texas,USA,1996-08-14,,"6'0""",175,29.6185669,-95.5377215
8478462,Nicolas Roy,C,COL,10,Amos,Quebec,CAN,1997-02-05,,"6'4""",200,-43.5014492,172.6617082
8483565,Nick Blankenburg,D,COL,37,Washington,Michigan,USA,1998-05-12,,"5'9""",177,42.3021687,-83.2571530
8470613,Brent Burns,D,COL,84,Barrie,Ontario,CAN,1985-03-09,,"6'5""",228,-43.5469486,172.6258368
8476967,Brett Kulak,D,COL,27,Edmonton,Alberta,CAN,1994-01-06,,"6'1""",192,53.5137810,-113.5396230
8480069,Cale Makar,D,COL,8,Calgary,Alberta,CAN,1998-10-30,,"6'0""",187,51.0414312,-114.0176929
8484258,Sam Malinski,D,COL,70,Lakeville,Minnesota,USA,1998-07-27,,"5'11""",190,44.6500510,-93.2432791
8476312,Josh Manson,D,COL,42,Hinsdale,Illinois,USA,1991-10-07,,"6'3""",218,41.8024604,-87.9299841
8478038,Devon Toews,D,COL,7,Abbotsford,British Columbia,CAN,1994-02-21,,"6'1""",191,49.0495138,-122.2988877
8478406,Mackenzie Blackwood,G,COL,39,Thunder Bay,Ontario,CAN,1996-12-09,,"6'4""",225,50.2298564,-87.4261449
8475809,Scott Wedgewood,G,COL,41,Brampton,Ontario,CAN,1992-08-14,,"6'2""",201,-43.5205062,172.3744971
8479414,Nathan Bastian,R,DAL,11,Kitchener,Ontario,CAN,1997-12-06,,"6'4""",217,43.4497181,-80.4910447
8473994,Jamie Benn,L,DAL,14,Victoria,British Columbia,CAN,1989-07-18,,"6'3""",210,49.2254858,-123.0535120
8476278,Colin Blackwell,C,DAL,15,North Andover,Massachusetts,USA,1993-03-28,,"5'8""",181,42.7029687,-71.1309117
8482145,Mavrik Bourque,C,DAL,22,Plessisville,Quebec,CAN,2002-01-08,,"5'11""",187,46.2195150,-71.7719650
8478047,Michael Bunting,L,DAL,58,Scarborough,Ontario,CAN,1995-09-17,,"6'0""",186,43.8209520,-79.3052626
8480840,Oskar Bäck,C,DAL,10,Karlstad,,SWE,2000-03-12,,"6'4""",207,59.3809146,13.5027631
8475168,Matt Duchene,C,DAL,95,Haliburton,Ontario,CAN,1991-01-16,,"5'11""",211,45.1525396,-78.5148132
8477454,Adam Erne,L,DAL,73,New Haven,Connecticut,USA,1995-04-20,,"6'1""",209,41.3082138,-72.9250518
8476889,Radek Faksa,C,DAL,12,Vitkov,,CZE,1994-01-09,,"6'3""",216,49.7758144,17.7517864
8478449,Roope Hintz,C,DAL,24,Nokia,,FIN,1996-11-17,,"6'3""",217,51.2141598,4.4225738
8484829,Justin Hryckowian,C,DAL,49,L'Ile-Bizard,Quebec,CAN,2001-02-23,,"5'11""",198,45.4934398,-73.8754216
8478888,Cameron Hughes,C,DAL,34,Edmonton,Alberta,CAN,1996-10-09,,"6'0""",190,53.5137810,-113.5396230
8484938,Arttu Hyry,R,DAL,25,Oulu,,FIN,2001-04-06,,"6'3""",211,65.0117914,25.4701973
8482740,Wyatt Johnston,C,DAL,53,Toronto,Ontario,CAN,2003-05-14,,"6'1""",187,43.7251226,-79.5514013
8478420,Mikko Rantanen,R,DAL,96,Nousiainen,,FIN,1996-10-29,,"6'4""",228,60.5992408,22.0840745
8480027,Jason Robertson,L,DAL,21,Arcadia,California,USA,1999-07-22,,"6'3""",204,34.1362075,-118.0401497
8475794,Tyler Seguin,C,DAL,91,Brampton,Ontario,CAN,1992-01-31,,"6'2""",205,-43.5205062,172.3744971
8479351,Sam Steel,C,DAL,18,Ardrossan,Alberta,CAN,1998-02-03,,"6'0""",185,-43.5017228,172.6861072
8483425,Lian Bichsel,D,DAL,6,Olten,,CHE,2004-05-18,,"6'7""",237,47.3496571,7.9037870
8478476,Kyle Capobianco,D,DAL,20,Mississauga,Ontario,CAN,1997-08-13,,"6'3""",194,43.5801288,-79.6479803
8481581,Thomas Harley,D,DAL,55,Syracuse,New York,USA,2001-08-19,,"6'3""",214,43.0481221,-76.1474244
8480036,Miro Heiskanen,D,DAL,4,Espoo,,FIN,1999-07-18,,"6'2""",197,60.2049651,24.6559808
8476902,Esa Lindell,D,DAL,23,Vantaa,,FIN,1994-05-23,,"6'3""",217,60.2929883,25.0436744
8480878,Nils Lundkvist,D,DAL,5,Pitea,,SWE,2000-07-27,,"6'1""",194,65.3134652,21.4900252
8480950,Ilya Lyubushkin,D,DAL,46,Moscow,,RUS,1994-04-06,,"6'2""",206,55.6918053,37.5556847
8474574,Tyler Myers,D,DAL,57,Houston,Texas,USA,1990-02-01,,"6'8""",229,29.7589382,-95.3676974
8475755,Alexander Petrovic,D,DAL,28,Edmonton,Alberta,CAN,1992-03-03,,"6'5""",215,53.5137810,-113.5396230
8479193,Casey DeSmith,G,DAL,1,Rochester,New Hampshire,USA,1991-08-13,,"6'0""",188,43.3050758,-70.9753978
8479979,Jake Oettinger,G,DAL,29,Lakeville,Minnesota,USA,1998-12-18,,"6'6""",225,44.6500510,-93.2432791
8478891,Mason Appleton,C,DET,22,Green Bay,Wisconsin,USA,1996-01-15,,"6'2""",196,44.5126379,-88.0125794
8477456,J.T. Compher,L,DET,37,Northbrook,Illinois,USA,1995-04-08,,"6'0""",191,42.1287040,-87.8265089
8477429,Andrew Copp,C,DET,18,Ann Arbor,Michigan,USA,1994-07-08,,"6'1""",200,42.2813722,-83.7484616
8479337,Alex DeBrincat,R,DET,93,Farmington Hills,Michigan,USA,1997-12-18,,"5'8""",180,42.4853125,-83.3771553
8484471,Emmitt Finnie,C,DET,58,Lethbridge,Alberta,CAN,2005-06-27,,"6'1""",195,49.6816401,-112.8053400
8474141,Patrick Kane,R,DET,88,Buffalo,New York,USA,1988-11-19,,"5'10""",176,42.8864163,-78.8781493
8483464,Marco Kasper,C,DET,92,Innsbruck,,AUT,2004-04-08,,"6'1""",202,47.2419879,11.3907203
8477946,Dylan Larkin,C,DET,71,Waterford,Michigan,USA,1996-07-30,,"6'1""",204,42.7022527,-83.4027180
8482802,Carter Mazur,L,DET,34,Jackson,Michigan,USA,2002-03-28,,"6'0""",200,42.2416466,-84.4255890
8474102,David Perron,L,DET,57,Sherbrooke,Quebec,CAN,1988-05-28,,"6'0""",202,45.4032710,-71.8890380
8479992,Michael Rasmussen,C,DET,27,Surrey,British Columbia,CAN,1999-04-17,,"6'6""",222,49.1567036,-122.7740362
8482078,Lucas Raymond,L,DET,23,Gothenburg,,SWE,2002-03-28,,"5'11""",186,57.7072326,11.9670171
8479942,Dominik Shine,R,DET,65,Pinckney,Michigan,USA,1993-04-18,,"5'11""",177,42.4567013,-83.9463359
8474037,James van Riemsdyk,L,DET,21,Middletown,New Jersey,USA,1989-05-04,,"6'3""",210,40.3898188,-74.1162152
8480879,Jacob Bernard-Docker,D,DET,25,Canmore,Alberta,CAN,2000-06-30,,"6'1""",196,51.0839938,-115.3767221
8475279,Ben Chiarot,D,DET,8,Hamilton,Ontario,CAN,1991-05-09,,"6'3""",222,-43.5545207,170.3292814
8482762,Simon Edvinsson,D,DET,77,Kungsbacka,,SWE,2003-02-05,,"6'6""",222,57.4666670,12.1666670
8475753,Justin Faulk,D,DET,72,South St. Paul,Minnesota,USA,1992-03-20,,"6'0""",208,44.8906694,-93.0372808
8474612,Travis Hamonic,D,DET,52,St. Malo,Manitoba,CAN,1990-08-16,,"6'1""",193,49.1855833,-0.3418446
8481607,Albert Johansson,D,DET,20,Karlstad,,SWE,2001-01-04,,"6'0""",195,59.3809146,13.5027631
8481542,Moritz Seider,D,DET,53,Zell,,DEU,2001-04-06,,"6'2""",210,48.3482133,8.0653343
8476434,John Gibson,G,DET,36,Pittsburgh,Pennsylvania,USA,1993-07-14,,"6'3""",209,40.4406968,-80.0025666
8475660,Cam Talbot,G,DET,39,Caledonia,Ontario,CAN,1987-07-05,,"6'3""",202,-22.2457036,166.4705600
8482703,Colton Dach,C,EDM,34,St. Albert,Alberta,CAN,2003-01-04,,"6'4""",218,-44.3913283,171.2447053
8477450,Jason Dickinson,C,EDM,16,Georgetown,Ontario,CAN,1995-07-04,,"6'2""",200,-44.8574561,170.6892889
8477934,Leon Draisaitl,C,EDM,29,Cologne,,DEU,1995-10-27,,"6'2""",209,50.9383610,6.9599740
8479365,Trent Frederic,C,EDM,10,St. Louis,Missouri,USA,1998-02-11,,"6'3""",221,38.6254063,-90.1900090
8474641,Adam Henrique,C,EDM,19,Brantford,Ontario,CAN,1990-02-06,,"6'0""",195,43.1801872,-80.2411170
8475786,Zach Hyman,L,EDM,18,Toronto,Ontario,CAN,1992-06-09,,"6'1""",206,43.7251226,-79.5514013
8477406,Mattias Janmark,C,EDM,13,Danderyd,,SWE,1992-12-08,,"6'2""",205,59.4043647,18.0358505
8479368,Max Jones,L,EDM,46,Rochester,Michigan,USA,1998-02-17,,"6'3""",216,42.6805880,-83.1338214
8477953,Kasperi Kapanen,R,EDM,42,Kuopio,,FIN,1996-07-23,,"6'1""",194,62.8924628,27.6783603
8477508,Curtis Lazar,C,EDM,20,Salmon Arm,British Columbia,CAN,1995-02-02,,"6'0""",203,50.7005059,-119.2790529
8478402,Connor McDavid,C,EDM,97,Richmond Hill,Ontario,CAN,1997-01-13,,"6'1""",194,43.8415634,-79.3997235
8476454,Ryan Nugent-Hopkins,C,EDM,93,Burnaby,British Columbia,CAN,1993-04-12,,"6'1""",192,49.2677991,-123.0005780
8481617,Vasily Podkolzin,R,EDM,92,Moscow,,RUS,2001-06-24,,"6'1""",190,55.6918053,37.5556847
8478458,Jack Roslovic,C,EDM,28,Columbus,Ohio,USA,1997-01-29,,"6'1""",198,39.9622601,-83.0007065
8484509,Josh Samanski,C,EDM,81,Erding,,DEU,2002-03-22,,"6'2""",195,48.3064441,11.9076579
8483512,Matt Savoie,C,EDM,22,St. Albert,Alberta,CAN,2004-01-01,,"5'10""",179,-44.3913283,171.2447053
8480803,Evan Bouchard,D,EDM,2,Oakville,Ontario,CAN,1999-10-20,,"6'3""",192,43.3940055,-79.7520106
8475218,Mattias Ekholm,D,EDM,14,Borlange,,SWE,1990-05-24,,"6'5""",225,60.4856426,15.4234561
8480834,Ty Emberson,D,EDM,49,Eau Claire,Wisconsin,USA,2000-05-23,,"6'0""",193,44.8113490,-91.4984941
8476473,Connor Murphy,D,EDM,5,Boston,Massachusetts,USA,1993-03-26,,"6'4""",212,42.3588336,-71.0578303
8477498,Darnell Nurse,D,EDM,25,Hamilton,Ontario,CAN,1995-02-04,,"6'4""",215,-43.5545207,170.3292814
8481056,Spencer Stastney,D,EDM,24,Woodridge,Illinois,USA,2000-01-04,,"6'0""",184,41.7563344,-88.0455590
8478013,Jake Walman,D,EDM,96,Toronto,Ontario,CAN,1996-02-20,,"6'1""",218,43.7251226,-79.5514013
8478971,Connor Ingram,G,EDM,39,Saskatoon,Saskatchewan,CAN,1997-03-31,,"6'1""",218,52.1318020,-106.6607670
8477465,Tristan Jarry,G,EDM,35,Surrey,British Columbia,CAN,1995-04-29,,"6'4""",201,49.1567036,-122.7740362
8477493,Aleksander Barkov,C,FLA,16,Tampere,,FIN,1995-09-02,,"6'3""",214,61.4977929,23.7616372
8477935,Sam Bennett,C,FLA,9,Holland Landing,Ontario,CAN,1996-06-20,,"6'1""",193,44.1015097,-79.4914772
8480003,Jesper Boqvist,C,FLA,70,Falun,,SWE,1998-10-30,,"6'1""",191,60.6070068,15.6323059
8481518,Nolan Foote,L,FLA,25,Denver,Colorado,USA,2000-11-29,,"6'3""",196,39.7392364,-104.9848620
8479981,Jonah Gadjovich,L,FLA,12,Whitby,Ontario,CAN,1998-10-12,,"6'3""",211,-43.4988576,172.5698704
8478421,A.J. Greer,L,FLA,10,Joliette,Quebec,CAN,1996-12-14,,"6'3""",209,43.2234797,6.1464734
8479393,Noah Gregor,L,FLA,18,Beaumont,Alberta,CAN,1998-07-28,,"6'0""",201,-43.2896342,172.0909122
8476994,Vinnie Hinostroza,C,FLA,24,Chicago,Illinois,USA,1994-04-03,,"5'10""",183,41.8755616,-87.6244212
8479316,Luke Kunin,C,FLA,71,Chesterfield,Missouri,USA,1997-12-04,,"6'0""",197,38.6581764,-90.5680617
8482113,Anton Lundell,C,FLA,15,Espoo,,FIN,2001-10-03,,"6'1""",196,60.2049651,24.6559808
8480185,Eetu Luostarinen,C,FLA,27,Siilinjarvi,,FIN,1998-09-02,,"6'3""",191,63.0744197,27.6589448
8473419,Brad Marchand,L,FLA,63,Halifax,Nova Scotia,CAN,1988-05-11,,"5'9""",180,-43.4964318,172.5817965
8477931,Tomas Nosek,L,FLA,92,Pardubice,,CZE,1992-09-01,,"6'3""",199,50.0883880,15.8066413
8481133,Cole Reinhardt,L,FLA,29,Calgary,Alberta,CAN,2000-02-01,,"6'1""",207,51.0414312,-114.0176929
8477933,Sam Reinhart,C,FLA,13,West Vancouver,British Columbia,CAN,1995-11-06,,"6'1""",196,49.2632051,-123.1364266
8478542,Evan Rodrigues,C,FLA,17,Toronto,Ontario,CAN,1993-07-28,,"5'11""",182,43.7251226,-79.5514013
8482713,Mackie Samoskevich,R,FLA,11,Newtown,Connecticut,USA,2002-11-15,,"5'11""",180,41.4134764,-73.3086445
8481655,Cole Schwindt,C,FLA,79,Kitchener,Ontario,CAN,2001-04-25,,"6'3""",210,43.4497181,-80.4910447
8479314,Matthew Tkachuk,L,FLA,19,Scottsdale,Arizona,USA,1997-12-11,,"6'2""",202,33.4942189,-111.9260180
8477409,Carter Verhaeghe,C,FLA,23,Toronto,Ontario,CAN,1995-08-14,,"6'2""",183,43.7251226,-79.5514013
8484304,Uvis Balinskis,D,FLA,26,Ventspils,,LVA,1996-08-01,,"6'0""",196,57.3903918,21.5635991
8482107,Mike Benning,D,FLA,20,Edmonton,Alberta,CAN,2002-01-05,,"5'9""",185,53.5137810,-113.5396230
8477932,Aaron Ekblad,D,FLA,5,Windsor,Ontario,CAN,1996-02-07,,"6'4""",220,-43.7938324,172.0090008
8478055,Gustav Forsling,D,FLA,42,Linkoping,,SWE,1996-06-12,,"6'1""",199,58.4098135,15.6245252
8484933,Mikulas Hovorka,D,FLA,96,Praha,,CZE,2001-07-01,,"6'6""",229,50.0490280,14.3137333
8477495,Seth Jones,D,FLA,3,Arlington,Texas,USA,1994-10-03,,"6'4""",213,32.7355816,-97.1071186
8475179,Dmitry Kulikov,D,FLA,7,Lipetsk,,RUS,1990-10-29,,"6'1""",212,53.2690463,39.9983707
8478859,Niko Mikkola,D,FLA,77,Kiiminki,,FIN,1996-04-27,,"6'6""",204,65.1539786,25.8112896
8482131,Donovan Sebrango,D,FLA,6,Ottawa,Ontario,CAN,2002-01-12,,"6'2""",223,45.4041115,-75.7118830
8475683,Sergei Bobrovsky,G,FLA,72,Novokuznetsk,,RUS,1988-09-20,,"6'2""",180,53.7575903,87.1358494
8480193,Daniil Tarasov,G,FLA,40,Novokuznetsk,,RUS,1999-03-27,,"6'5""",203,53.7575903,87.1358494
8476469,Joel Armia,R,LAK,40,Pori,,FIN,1993-05-31,,"6'3""",215,61.4866126,21.7972071
8482124,Quinton Byfield,R,LAK,55,Newmarket,Ontario,CAN,2002-08-19,,"6'5""",230,52.2443103,0.4065503
8477942,Kevin Fiala,L,LAK,22,St. Gallen,,CHE,1996-07-22,,"6'0""",205,48.6866906,7.3317377
8482726,Samuel Helenius,C,LAK,79,Dallas,Texas,USA,2002-11-26,,"6'6""",225,32.7762719,-96.7968559
8478472,Mathieu Joseph,R,LAK,17,Laval,Quebec,CAN,1997-02-09,,"6'1""",189,48.0706687,-0.7734022
8477960,Adrian Kempe,R,LAK,9,Kramfors,,SWE,1996-09-13,,"6'2""",205,62.9166670,17.6666670
8471685,Anze Kopitar,C,LAK,11,Jesenice,,SVN,1987-08-24,,"6'3""",225,46.4323705,14.0623942
8483808,Andrei Kuzmenko,L,LAK,96,Yakutsk,,RUS,1996-02-04,,"5'11""",200,62.0274078,129.7319787
8482155,Alex Laferriere,R,LAK,14,Chatham,New Jersey,USA,2001-10-28,,"6'1""",205,40.7409242,-74.3836711
8476872,Scott Laughton,C,LAK,21,Oakville,Ontario,CAN,1994-05-30,,"6'1""",190,43.3940055,-79.7520106
8481732,Andre Lee,L,LAK,47,Karlstad,,SWE,2000-07-26,,"6'4""",210,59.3809146,13.5027631
8482408,Jeff Malott,L,LAK,39,Burlington,Ontario,CAN,1996-08-07,,"6'5""",215,-43.5479887,172.6426330
8479675,Trevor Moore,L,LAK,12,Thousand Oaks,California,USA,1995-03-31,,"5'11""",195,34.1705609,-118.8375937
8478550,Artemi Panarin,L,LAK,10,Korkino,,RUS,1991-10-30,,"6'0""",176,54.8963086,61.3974926
8481532,Alex Turcotte,C,LAK,15,Elk Grove,Illinois,USA,2001-02-26,,"5'11""",195,42.0035588,-88.0037711
8483406,Taylor Ward,R,LAK,52,Kelowna,British Columbia,CAN,1998-03-31,,"6'2""",215,49.8879177,-119.4959020
8483756,Jared Wright,R,LAK,53,Burnsville,Minnesota,USA,2002-11-22,,"6'1""",178,44.7670567,-93.2773887
8479998,Mikey Anderson,D,LAK,44,Roseville,Minnesota,USA,1999-05-25,,"6'0""",195,45.0060767,-93.1566107
8476879,Cody Ceci,D,LAK,5,Ottawa,Ontario,CAN,1993-12-21,,"6'3""",210,45.4041115,-75.7118830
8482730,Brandt Clarke,D,LAK,92,Nepean,Ontario,CAN,2003-02-09,,"6'2""",200,45.3340651,-75.7079224
8474563,Drew Doughty,D,LAK,8,London,Ontario,CAN,1989-12-08,,"6'1""",210,42.9564040,-81.2301775
8475208,Brian Dumoulin,D,LAK,2,Biddeford,Maine,USA,1991-09-06,,"6'4""",215,43.4925843,-70.4533844
8476441,Joel Edmundson,D,LAK,6,Brandon,Manitoba,CAN,1993-06-28,,"6'5""",220,-43.2996694,172.6086816
8479421,Jacob Moverare,D,LAK,43,Ostersund,,SWE,1998-08-31,,"6'3""",205,63.1793655,14.6357061
8476341,Anton Forsberg,G,LAK,31,Härnösand,,SWE,1992-11-27,,"6'3""",200,62.6323084,17.9379914
8475311,Darcy Kuemper,G,LAK,35,Saskatoon,Saskatchewan,CAN,1990-05-05,,"6'5""",215,52.1318020,-106.6607670
8481557,Matt Boldy,L,MIN,12,Milford,Massachusetts,USA,2001-04-05,,"6'2""",201,42.1428913,-71.5164618
8481553,Bobby Brink,R,MIN,10,Minnetonka,Minnesota,USA,2001-07-08,,"5'8""",169,44.9405086,-93.4638936
8478493,Joel Eriksson Ek,C,MIN,14,Karlstad,,SWE,1997-01-29,,"6'3""",207,59.3809146,13.5027631
8477952,Robby Fabbri,C,MIN,21,Mississauga,Ontario,CAN,1996-01-22,,"5'11""",185,43.5801288,-79.6479803
8475220,Marcus Foligno,L,MIN,17,Buffalo,New York,USA,1991-08-10,,"6'3""",226,42.8864163,-78.8781493
8473422,Nick Foligno,L,MIN,71,Buffalo,New York,USA,1987-10-31,,"6'0""",210,42.8864163,-78.8781493
8477451,Ryan Hartman,R,MIN,38,Hilton Head Island,South Carolina,USA,1994-09-20,,"6'0""",197,32.1618488,-80.7512616
8475149,Marcus Johansson,L,MIN,90,Landskrona,,SWE,1990-10-06,,"6'1""",203,55.8698007,12.8296734
8478864,Kirill Kaprizov,L,MIN,97,Novokuznetsk,,RUS,1997-04-26,,"5'10""",202,53.7575903,87.1358494
8477446,Michael McCarron,C,MIN,47,Grosse Pointe,Michigan,USA,1995-03-07,,"6'6""",232,42.3861485,-82.9118591
8481477,Nico Sturm,C,MIN,78,Augsburg,,DEU,1995-05-03,,"6'3""",209,48.3428905,10.7335475
8475765,Vladimir Tarasenko,R,MIN,91,Yaroslavl,,RUS,1991-12-13,,"6'1""",219,57.5718931,39.8491607
8478508,Yakov Trenin,C,MIN,13,Chelyabinsk,,RUS,1997-01-13,,"6'2""",201,55.1805270,61.4000124
8483525,Danila Yurov,R,MIN,22,Chelyabinsk,,RUS,2003-12-22,,"6'1""",178,55.1805270,61.4000124
8475692,Mats Zuccarello,R,MIN,36,Oslo,,NOR,1987-09-01,,"5'8""",181,59.9219205,10.7059501
8474567,Zach Bogosian,D,MIN,24,Massena,New York,USA,1990-07-15,,"6'3""",231,44.9300823,-74.8922422
8476463,Jonas Brodin,D,MIN,25,Karlstad,,SWE,1993-07-12,,"6'2""",196,59.3809146,13.5027631
8482122,Brock Faber,D,MIN,7,Maple Grove,Minnesota,USA,2002-08-22,,"6'1""",200,45.0984983,-93.4419222
8480800,Quinn Hughes,D,MIN,43,Orlando,Florida,USA,1999-10-14,,"5'10""",180,28.5421218,-81.3790450
8482094,Daemon Hunt,D,MIN,48,Brandon,Manitoba,CAN,2002-05-15,,"6'1""",193,-43.2996694,172.6086816
8478136,Jake Middleton,D,MIN,5,Wainwright,Alberta,CAN,1996-01-02,,"6'3""",219,52.8402725,-110.8514344
8473507,Jeff Petry,D,MIN,2,Ann Arbor,Michigan,USA,1987-12-09,,"6'3""",208,42.2813722,-83.7484616
8474716,Jared Spurgeon,D,MIN,46,Edmonton,Alberta,CAN,1989-11-29,,"5'9""",166,53.5137810,-113.5396230
8479406,Filip Gustavsson,G,MIN,32,Skelleftea,,SWE,1998-06-07,,"6'2""",184,64.7520185,20.9593390
8482661,Jesper Wallstedt,G,MIN,30,Vasteras,,SWE,2002-11-14,,"6'3""",214,59.6110992,16.5463679
8476981,Josh Anderson,R,MTL,17,Burlington,Ontario,CAN,1994-05-07,,"6'3""",226,-43.5479887,172.6426330
8482737,Zachary Bolduc,R,MTL,76,Trois-Rivières,Quebec,CAN,2003-02-24,,"6'0""",187,46.3432325,-72.5428485
8481540,Cole Caufield,R,MTL,13,Mosinee,Wisconsin,USA,2001-01-02,,"5'8""",175,44.7927669,-89.7030748
8481523,Kirby Dach,C,MTL,77,Fort Saskatchewan,Alberta,CAN,2001-01-21,,"6'4""",221,53.7128571,-113.2148940
8476479,Phillip Danault,C,MTL,24,Victoriaville,Quebec,CAN,1993-02-24,,"6'1""",200,46.0554948,-71.9598586
8484984,Ivan Demidov,R,MTL,93,Sergiyev Posad,,RUS,2005-12-10,,"6'1""",192,56.3153284,38.1359898
8478133,Jake Evans,C,MTL,71,Toronto,Ontario,CAN,1996-06-02,,"6'0""",190,43.7251226,-79.5514013
8475848,Brendan Gallagher,R,MTL,11,Edmonton,Alberta,CAN,1992-05-06,,"5'9""",185,53.5137810,-113.5396230
8482775,Oliver Kapanen,C,MTL,91,Timra,,SWE,2003-07-29,,"6'2""",194,62.4922058,17.2995411
8479339,Patrik Laine,R,MTL,92,Tampere,,FIN,1998-04-19,,"6'4""",208,61.4977929,23.7616372
8481618,Alex Newhook,C,MTL,15,St. John's,Newfoundland and Labrador,CAN,2001-01-28,,"5'11""",200,-44.2607048,171.1273802
8483515,Juraj Slafkovský,L,MTL,20,Kosice,,SVK,2004-03-30,,"6'3""",225,50.1797445,15.5349958
8480018,Nick Suzuki,C,MTL,14,London,Ontario,CAN,1999-08-10,,"5'11""",207,42.9564040,-81.2301775
8480074,Alexandre Texier,L,MTL,85,Saint-Martin-d'Hères,,FRA,1999-09-13,,"6'1""",196,45.1836683,5.7544800
8480813,Joe Veleno,C,MTL,90,Montréal,Quebec,CAN,2000-01-13,,"6'1""",201,45.5137474,-73.6338787
8478851,Alexandre Carrier,D,MTL,45,Quebec City,Quebec,CAN,1996-10-08,,"5'11""",174,-43.5213571,172.6885526
8480865,Noah Dobson,D,MTL,53,Summerside,Prince Edward Island,CAN,2000-01-07,,"6'4""",200,46.3942590,-63.7892386
8483686,Adam Engstrom,D,MTL,42,Jarna,,SWE,2003-11-17,,"6'2""",193,59.0913404,17.5651066
8482087,Kaiden Guhle,D,MTL,21,Edmonton,Alberta,CAN,2002-01-18,,"6'3""",202,53.5137810,-113.5396230
8483457,Lane Hutson,D,MTL,48,Holland,Michigan,USA,2004-02-14,,"5'9""",162,42.7876022,-86.1090828
8476875,Mike Matheson,D,MTL,8,Pointe-Claire,Quebec,CAN,1994-02-27,,"6'2""",196,45.4566767,-73.8067442
8481593,Jayden Struble,D,MTL,47,Cumberland,Rhode Island,USA,2001-09-08,,"6'0""",207,41.9667656,-71.4328363
8482964,Arber Xhekaj,D,MTL,72,Hamilton,Ontario,CAN,2001-01-30,,"6'4""",240,-43.5545207,170.3292814
8482487,Jakub Dobes,G,MTL,75,Ostrava,,CZE,2001-05-27,,"6'4""",215,49.8349139,18.2820084
8484170,Jacob Fowler,G,MTL,32,Melbourne,Florida,USA,2004-11-24,,"6'1""",223,28.0785034,-80.6077908
8478470,Samuel Montembeault,G,MTL,35,Becancour,Quebec,CAN,1996-10-30,,"6'3""",218,46.3415746,-72.4335088
8475760,Nick Bjugstad,C,NJD,72,Minneapolis,Minnesota,USA,1992-07-17,,"6'6""",210,44.9772995,-93.2654692
8479407,Jesper Bratt,L,NJD,63,Stockholm,,SWE,1998-07-30,,"5'10""",175,59.3587062,17.8736682
8477015,Connor Brown,R,NJD,16,Toronto,Ontario,CAN,1994-01-14,,"6'0""",184,43.7251226,-79.5514013
8481032,Paul Cotter,L,NJD,47,Canton,Michigan,USA,1999-11-16,,"6'2""",213,42.7269261,-84.6433146
8474149,Evgenii Dadonov,L,NJD,33,Chelyabinsk,,RUS,1989-03-12,,"5'11""",188,55.1805270,61.4000124
8479996,Cody Glass,C,NJD,12,Winnipeg,Manitoba,CAN,1999-04-01,,"6'3""",201,49.8825429,-97.1499315
8481721,Arseny Gritsyuk,R,NJD,81,Krasnoyarsk,,RUS,2001-03-15,,"6'0""",195,56.0329260,92.9147609
8484177,Lenni Hameenaho,R,NJD,29,Kajaani,,FIN,2004-11-07,,"6'1""",195,64.2246862,27.7339281
8480002,Nico Hischier,C,NJD,13,Naters,,CHE,1999-01-04,,"6'1""",200,46.3242941,7.9884278
8481559,Jack Hughes,C,NJD,86,Orlando,Florida,USA,2001-05-14,,"5'11""",175,28.5421218,-81.3790450
8479772,Zack MacEwen,R,NJD,15,Charlottetown,Prince Edward Island,CAN,1996-07-08,,"6'4""",226,46.2683522,-63.1121107
8478414,Timo Meier,R,NJD,28,Herisau,,CHE,1996-10-08,,"6'1""",220,47.3855500,9.2787571
8482110,Dawson Mercer,C,NJD,91,Carbonear,Newfoundland and Labrador,CAN,2001-10-27,,"6'0""",180,47.7331230,-53.2366225
8476474,Stefan Noesen,R,NJD,11,Plano,Texas,USA,1993-02-12,,"6'1""",205,33.0136764,-96.6925096
8484958,Maxim Tsyplakov,R,NJD,42,Moscow,,RUS,1998-09-19,,"6'3""",203,55.6918053,37.5556847
8479395,Dennis Cholowski,D,NJD,44,Langley,British Columbia,CAN,1998-02-15,,"6'2""",210,-43.8155499,172.0342861
8475455,Brenden Dillon,D,NJD,5,New Westminster,British Columbia,CAN,1990-11-13,,"6'4""",225,49.1567036,-122.7740362
8476462,Dougie Hamilton,D,NJD,7,Toronto,Ontario,CAN,1993-06-17,,"6'6""",230,43.7251226,-79.5514013
8482684,Luke Hughes,D,NJD,43,Manchester,New Hampshire,USA,2003-09-09,,"6'2""",198,42.9956397,-71.4547891
8480192,Johnathan Kovacevic,D,NJD,8,Hamilton,Ontario,CAN,1997-07-12,,"6'5""",223,-43.5545207,170.3292814
8483495,Simon Nemec,D,NJD,17,Liptovský Mikuláš,,SVK,2004-02-15,,"6'1""",190,49.0835785,19.6127850
8477488,Brett Pesce,D,NJD,22,Tarrytown,New York,USA,1994-11-15,,"6'3""",206,41.0762077,-73.8587461
8478399,Jonas Siegenthaler,D,NJD,71,Zurich,,CHE,1997-05-06,,"6'2""",218,53.4822197,-2.2427220
8474596,Jake Allen,G,NJD,34,Fredericton,New Brunswick,CAN,1990-08-07,,"6'2""",197,45.9488278,-66.6291827
8474593,Jacob Markstrom,G,NJD,25,Gavle,,SWE,1990-01-31,,"6'6""",207,60.6750132,17.1467019
8482146,Luke Evangelista,R,NSH,77,Toronto,Ontario,CAN,2002-02-21,,"6'0""",183,43.7251226,-79.5514013
8476887,Filip Forsberg,L,NSH,9,Ostervala,,SWE,1994-08-13,,"6'1""",205,60.1809325,17.1780842
8475287,Erik Haula,L,NSH,56,Pori,,FIN,1991-03-23,,"5'11""",191,61.4866126,21.7972071
8479370,Tyson Jost,C,NSH,17,St. Albert,Alberta,CAN,1998-03-14,,"5'11""",187,-44.3913283,171.2447053
8483465,Joakim Kemell,R,NSH,25,Jyvaskyla,,FIN,2004-04-27,,"5'11""",182,62.2484126,25.8847762
8482742,Zachary L'Heureux,L,NSH,68,Montréal,Quebec,CAN,2003-05-15,,"5'11""",197,45.5137474,-73.6338787
8476539,Jonathan Marchessault,C,NSH,81,Cap-Rouge,Quebec,CAN,1990-12-27,,"5'9""",185,46.7498643,-71.3453452
8475158,Ryan O'Reilly,C,NSH,90,Clinton,Ontario,CAN,1991-02-07,,"6'1""",207,-43.5484910,172.6872433
8483513,Reid Schaefer,L,NSH,49,Edmonton,Alberta,CAN,2003-09-21,,"6'5""",226,53.5137810,-113.5396230
8474564,Steven Stamkos,C,NSH,91,Markham,Ontario,CAN,1990-02-07,,"6'1""",193,43.8561273,-79.3035489
8482768,Fedor Svechkov,C,NSH,40,Togliatti,,RUS,2003-04-05,,"6'0""",187,53.5402033,49.4067320
8482103,Ozzy Wiesblatt,C,NSH,89,Calgary,Alberta,CAN,2002-03-09,,"5'10""",183,51.0414312,-114.0176929
8484241,Matthew Wood,R,NSH,71,Nanaimo,British Columbia,CAN,2005-02-06,,"6'4""",202,49.1689672,-123.8277631
8482111,Justin Barron,D,NSH,20,Halifax,Nova Scotia,CAN,2001-11-15,,"6'2""",198,-43.4964318,172.5817965
8479980,Nicolas Hague,D,NSH,41,Kitchener,Ontario,CAN,1998-12-05,,"6'6""",245,43.4497181,-80.4910447
8474600,Roman Josi,D,NSH,59,Bern,,CHE,1990-06-01,,"6'1""",201,20.0642532,103.9770180
8480246,Nick Perbix,D,NSH,48,Elk River,Minnesota,USA,1998-06-15,,"6'4""",206,45.3038538,-93.5671825
8476869,Brady Skjei,D,NSH,76,Lakeville,Minnesota,USA,1994-03-26,,"6'3""",210,44.6500510,-93.2432791
8482715,Ryan Ufko,D,NSH,85,Smithtown,New York,USA,2003-05-07,,"6'0""",174,40.8559314,-73.2006687
8482482,Adam Wilsby,D,NSH,83,Stockholm,,SWE,2000-08-07,,"6'1""",188,59.3587062,17.8736682
8481020,Justus Annunen,G,NSH,29,Kempele,,FIN,2000-03-11,,"6'4""",210,64.9124500,25.5108223
8477424,Juuse Saros,G,NSH,74,Forssa,,FIN,1995-04-19,,"5'11""",180,60.8155736,23.6298330
8478445,Mathew Barzal,C,NYI,13,Coquitlam,British Columbia,CAN,1997-05-26,,"6'1""",186,49.2842958,-122.7932810
8475231,Casey Cizikas,C,NYI,53,Toronto,Ontario,CAN,1991-02-27,,"5'11""",191,43.7251226,-79.5514013
8477407,Anthony Duclair,L,NYI,11,Pointe-Claire,Quebec,CAN,1995-08-26,,"6'0""",198,45.4566767,-73.8067442
8483553,Marc Gatcomb,C,NYI,16,Woburn,Massachusetts,USA,1999-07-22,,"6'2""",200,42.4792618,-71.1522766
8482476,Emil Heineman,L,NYI,51,Leksand,,SWE,2001-11-16,,"6'2""",204,60.7329032,14.9968205
8481601,Simon Holmstrom,R,NYI,92,Tranas,,SWE,2001-05-24,,"6'1""",208,58.0500000,14.8333330
8477500,Bo Horvat,C,NYI,14,London,Ontario,CAN,1995-04-05,,"6'1""",225,42.9564040,-81.2301775
8475314,Anders Lee,L,NYI,27,Edina,Minnesota,USA,1990-07-03,,"6'3""",234,44.8897027,-93.3501222
8481237,Kyle MacLean,C,NYI,32,Verona,New Jersey,USA,1999-04-29,,"6'1""",190,40.8298220,-74.2401466
8476419,Jean-Gabriel Pageau,C,NYI,44,Ottawa,Ontario,CAN,1992-11-11,,"5'11""",180,45.4041115,-75.7118830
8476292,Ondrej Palat,L,NYI,81,Frydek-Mistek,,CZE,1991-03-28,,"6'0""",194,49.6856350,18.3483416
8475151,Kyle Palmieri,C,NYI,21,Smithtown,New York,USA,1991-02-01,,"6'0""",192,40.8559314,-73.2006687
8484221,Calum Ritchie,C,NYI,64,Oakville,Ontario,CAN,2005-01-21,,"6'2""",200,43.3940055,-79.7520106
8475170,Brayden Schenn,C,NYI,10,Saskatoon,Saskatchewan,CAN,1991-08-22,,"6'1""",200,52.1318020,-106.6607670
8485702,Max Shabanov,R,NYI,49,Chelyabinsk,,RUS,2000-10-07,,"5'9""",167,55.1805270,61.4000124
8480871,Adam Boqvist,D,NYI,34,Falun,,SWE,2000-08-15,,"6'0""",195,60.6070068,15.6323059
8477950,Tony DeAngelo,D,NYI,77,Sewell,New Jersey,USA,1995-10-24,,"6'0""",190,39.7706830,-75.1438863
8483448,Isaiah George,D,NYI,36,Oakville,Ontario,CAN,2004-02-15,,"6'1""",203,43.3940055,-79.7520106
8476429,Scott Mayfield,D,NYI,24,St. Louis,Missouri,USA,1992-10-14,,"6'4""",215,38.6254063,-90.1900090
8476917,Adam Pelech,D,NYI,3,Toronto,Ontario,CAN,1994-08-16,,"6'3""",212,43.7251226,-79.5514013
8477506,Ryan Pulock,D,NYI,6,Dauphin,Manitoba,CAN,1994-10-06,,"6'1""",219,49.1845212,-0.3648659
8481014,Alexander Romanov,D,NYI,28,Moscow,,RUS,2000-01-06,,"6'1""",220,55.6918053,37.5556847
8485366,Matthew Schaefer,D,NYI,48,Hamilton,Ontario,CAN,2007-09-05,,"6'2""",186,-43.5545207,170.3292814
8477369,Carson Soucy,D,NYI,4,Viking,Alberta,CAN,1994-07-27,,"6'4""",211,49.1619650,-0.3651155
8479496,David Rittich,G,NYI,33,Jihlava,,CZE,1992-08-19,,"6'3""",200,49.3960640,15.5903065
8478009,Ilya Sorokin,G,NYI,30,Mezhdurechensk,,RUS,1995-08-04,,"6'3""",189,53.6863763,88.0703443
8473575,Semyon Varlamov,G,NYI,40,Samara,,RUS,1988-04-27,,"6'2""",201,53.2239368,50.1740711
8477380,Jonny Brodzinski,C,NYR,22,Ham Lake,Minnesota,USA,1993-06-19,,"6'0""",206,45.2502429,-93.2499508
8482877,Jaroslav Chmelar,R,NYR,49,Nove Mesto nad Metuji,,CZE,2003-07-20,,"6'4""",226,50.3442064,16.1512997
8482157,Will Cuylle,L,NYR,50,Toronto,Ontario,CAN,2002-02-05,,"6'3""",212,43.7251226,-79.5514013
8481726,Adam Edstrom,C,NYR,84,Karlstad,,SWE,2000-10-12,,"6'7""",232,59.3809146,13.5027631
8481789,Tye Kartye,L,NYR,24,Kingston,Ontario,CAN,2001-04-30,,"5'11""",202,44.2449282,-76.5652977
8483690,Noah Laba,C,NYR,42,Northville,Michigan,USA,2003-08-04,,"6'3""",214,42.4310816,-83.4832339
8482109,Alexis Lafrenière,L,NYR,13,St-Eustache,Quebec,CAN,2001-10-11,,"6'2""",191,49.1667367,-0.3531151
8476468,J.T. Miller,C,NYR,8,East Palestine,Ohio,USA,1993-03-14,,"6'0""",211,40.8339509,-80.5403469
8484210,Gabe Perreault,R,NYR,94,Sherbrooke,Quebec,CAN,2005-05-07,,"5'11""",180,45.4032710,-71.8890380
8479390,Taylor Raddysh,R,NYR,14,Caledon,Ontario,CAN,1998-02-18,,"6'2""",201,43.8320699,-79.9066871
8482460,Matt Rempe,C,NYR,73,Calgary,Alberta,CAN,2002-06-29,,"6'9""",261,51.0414312,-114.0176929
8477839,Conor Sheary,L,NYR,43,Winchester,Massachusetts,USA,1992-06-08,,"5'8""",180,42.4523178,-71.1369982
8483669,Adam Sykora,L,NYR,38,Piestany,,SVK,2004-09-07,,"5'11""",193,48.5895247,17.8213848
8476389,Vincent Trocheck,C,NYR,16,Pittsburgh,Pennsylvania,USA,1993-07-11,,"5'11""",187,40.4406968,-80.0025666
8476459,Mika Zibanejad,C,NYR,93,Stockholm,,SWE,1993-04-18,,"6'2""",208,59.3587062,17.8736682
8478840,Will Borgen,D,NYR,17,Moorhead,Minnesota,USA,1996-12-19,,"6'3""",199,46.8739081,-96.7538674
8484169,Drew Fortescue,D,NYR,45,New York,New York,USA,2005-04-28,,"6'2""",195,40.7127281,-74.0060152
8479323,Adam Fox,D,NYR,23,Jericho,New York,USA,1998-02-17,,"5'11""",185,40.7874300,-73.5434608
8478882,Vladislav Gavrikov,D,NYR,44,Yaroslavl,,RUS,1995-11-21,,"6'3""",210,57.5718931,39.8491607
8482861,Vincent Iorio,D,NYR,6,Coquitlam,British Columbia,CAN,2002-11-14,,"6'4""",220,49.2842958,-122.7932810
8481525,Matthew Robertson,D,NYR,29,Edmonton,Alberta,CAN,2001-03-09,,"6'4""",210,53.5137810,-113.5396230
8482073,Braden Schneider,D,NYR,4,Prince Albert,Saskatchewan,CAN,2001-09-20,,"6'3""",206,53.2020289,-105.7558962
8480001,Urho Vaakanainen,D,NYR,18,Joensuu,,FIN,1999-01-01,,"6'2""",202,62.6006375,29.7619759
8482193,Dylan Garand,G,NYR,33,Victoria,British Columbia,CAN,2002-06-07,,"6'1""",185,49.2254858,-123.0535120
8471734,Jonathan Quick,G,NYR,32,Milford,Connecticut,USA,1986-01-21,,"6'1""",219,41.2222218,-73.0570603
8478048,Igor Shesterkin,G,NYR,31,Moscow,,RUS,1995-12-30,,"6'1""",199,55.6918053,37.5556847
8478020,Michael Amadio,R,OTT,22,Sault Ste. Marie,Ontario,CAN,1996-05-13,,"6'1""",206,46.5126554,-84.3330301
8480208,Drake Batherson,R,OTT,19,Fort Wayne,Indiana,USA,1998-04-27,,"6'3""",209,41.0799898,-85.1386015
8476393,Nick Cousins,C,OTT,21,Belleville,Ontario,CAN,1993-07-20,,"5'11""",191,5.4319600,-3.9945808
8481528,Dylan Cozens,C,OTT,24,Whitehorse,Yukon Territory,CAN,2001-02-09,,"6'3""",205,60.7261859,-135.1141127
8474189,Lars Eller,C,OTT,89,Rodovre,,DNK,1989-05-08,,"6'2""",207,55.6648012,12.4591846
8477998,Warren Foegele,L,OTT,37,Markham,Ontario,CAN,1996-04-01,,"6'2""",205,43.8561273,-79.3035489
8473512,Claude Giroux,R,OTT,28,Hearst,Ontario,CAN,1988-01-12,,"5'11""",186,49.6907320,-83.6663820
8482092,Ridly Greig,C,OTT,71,Lethbridge,Alberta,CAN,2002-08-08,,"6'0""",184,49.6816401,-112.8053400
8483676,Stephen Halliday,C,OTT,83,Ajax,Ontario,CAN,2002-07-02,,"6'4""",214,-43.5799769,170.6526116
8477073,Kurtis MacDermid,L,OTT,23,Quebec City,Quebec,CAN,1994-03-25,,"6'5""",233,-43.5213571,172.6885526
8481596,Shane Pinto,C,OTT,12,Franklin Square,New York,USA,2000-11-12,,"6'3""",206,40.7002360,-73.6764480
8482116,Tim Stützle,C,OTT,18,Viersen,,DEU,2002-01-15,,"6'0""",187,51.2562118,6.3905476
8480801,Brady Tkachuk,L,OTT,7,Scottsdale,Arizona,USA,1999-09-16,,"6'4""",226,33.4942189,-111.9260180
8480188,Fabian Zetterlund,L,OTT,20,Karlstad,,SWE,1999-08-25,,"5'11""",208,59.3809146,13.5027631
8478469,Thomas Chabot,D,OTT,72,Sainte-Marie,Quebec,CAN,1997-01-30,,"6'1""",200,45.5108457,-73.5631449
8478502,Dennis Gilbert,D,OTT,6,Buffalo,New York,USA,1996-10-30,,"6'2""",216,42.8864163,-78.8781493
8475324,Nick Jensen,D,OTT,3,Rogers,Minnesota,USA,1990-09-21,,"6'0""",202,45.1888596,-93.5524563
8482095,Tyler Kleven,D,OTT,43,Fargo,North Dakota,USA,2002-01-10,,"6'5""",225,46.8772290,-96.7898210
8484321,Nikolas Matinpalo,D,OTT,33,Espoo,,FIN,1998-10-05,,"6'3""",213,60.2049651,24.6559808
8482105,Jake Sanderson,D,OTT,85,Whitefish,Montana,USA,2002-07-08,,"6'2""",202,48.4108018,-114.3346240
8481606,Jordan Spence,D,OTT,10,Manly,,AUS,2001-02-24,,"5'11""",188,-33.7971937,151.2879845
8481575,Lassi Thomson,D,OTT,60,Tampere,,FIN,2000-09-24,,"6'0""",195,61.4977929,23.7616372
8484759,Carter Yakemchuk,D,OTT,58,Fort McMurray,Alberta,CAN,2005-09-29,,"6'3""",219,56.7291997,-111.3885221
8482245,Artem Zub,D,OTT,2,Khabarovsk,,RUS,1995-10-03,,"6'3""",201,48.5151046,135.1963731
8473503,James Reimer,G,OTT,47,Morweena,Manitoba,CAN,1988-03-15,,"6'2""",200,50.9934677,-97.4087843
8476999,Linus Ullmark,G,OTT,35,Lugnvik,,SWE,1993-07-31,,"6'4""",223,62.9295771,17.9142347
8479022,Rodrigo Abols,C,PHI,18,Riga,,LVA,1996-01-05,,"6'4""",206,56.9493977,24.1051846
8484142,Denver Barkey,C,PHI,52,Newmarket,Ontario,CAN,2005-04-27,,"5'10""",171,52.2443103,0.4065503
8483731,Alex Bump,L,PHI,20,Burnsville,Minnesota,USA,2003-11-20,,"6'0""",195,44.7670567,-93.2773887
8480220,Noah Cates,L,PHI,27,Stillwater,Minnesota,USA,1999-02-05,,"6'2""",194,45.0559126,-92.8075720
8476461,Sean Couturier,C,PHI,14,Phoenix,Arizona,USA,1992-12-07,,"6'4""",210,33.4484367,-112.0741410
8477989,Christian Dvorak,C,PHI,22,Palos,Illinois,USA,1996-02-02,,"6'1""",190,41.6673636,-87.8304952
8482159,Tyson Foerster,R,PHI,71,Alliston,Ontario,CAN,2002-01-18,,"6'2""",215,46.0544878,-62.6252289
8476822,Luke Glendening,C,PHI,41,Grand Rapids,Michigan,USA,1989-04-28,,"5'11""",190,42.9632425,-85.6678639
8483733,Nikita Grebenkin,R,PHI,29,Serov,,RUS,2003-05-02,,"6'2""",210,59.6051267,60.5733483
8479336,Carl Grundstrom,R,PHI,91,Umea,,SWE,1997-12-01,,"6'0""",200,63.8256568,20.2630745
8477903,Garnet Hathaway,R,PHI,19,Naples,Florida,USA,1991-11-23,,"6'2""",212,26.1421976,-81.7942944
8478439,Travis Konecny,R,PHI,11,London,Ontario,CAN,1997-03-11,,"5'10""",192,42.9564040,-81.2301775
8485406,Porter Martone,R,PHI,94,Peterborough,Ontario,CAN,2006-10-26,,"6'3""",214,-43.5251686,172.6407554
8484387,Matvei Michkov,R,PHI,39,Perm,,RUS,2004-12-09,,"5'10""",172,58.0214491,55.9287189
8480015,Owen Tippett,R,PHI,74,Peterborough,Ontario,CAN,1999-02-16,,"6'1""",210,-43.5251686,172.6407554
8475253,Garrett Wilson,L,PHI,10,Barrie,Ontario,CAN,1991-03-16,,"6'3""",218,-43.5469486,172.6258368
8481533,Trevor Zegras,C,PHI,46,Bedford,New York,USA,2001-03-20,,"6'0""",185,41.2041304,-73.6425090
8482126,Emil Andrae,D,PHI,36,Vastervik,,SWE,2002-02-23,,"5'9""",189,57.7594186,16.6385035
8482142,Jamie Drysdale,D,PHI,9,Toronto,Ontario,CAN,2002-04-08,,"5'11""",185,43.7251226,-79.5514013
8478454,Noah Juulsen,D,PHI,47,Surrey,British Columbia,CAN,1997-04-02,,"6'2""",201,49.1567036,-122.7740362
8477499,Rasmus Ristolainen,D,PHI,55,Turku,,FIN,1994-10-27,,"6'4""",208,60.4515942,22.2669988
8477948,Travis Sanheim,D,PHI,6,Elkhorn,Manitoba,CAN,1996-03-29,,"6'4""",222,42.6719206,-88.5434940
8476372,Nick Seeler,D,PHI,24,Eden Prairie,Minnesota,USA,1993-06-03,,"6'3""",197,44.8546856,-93.4707860
8481546,Cam York,D,PHI,8,Anaheim,California,USA,2001-01-05,,"6'0""",194,33.8347516,-117.9117320
8481035,Samuel Ersson,G,PHI,33,Falun,,SWE,1999-10-20,,"6'3""",194,60.6070068,15.6323059
8478435,Dan Vladar,G,PHI,80,Prague,,CZE,1997-08-20,,"6'5""",209,50.0490280,14.3137333
8478569,Noel Acciari,C,PIT,55,Johnston,Rhode Island,USA,1991-12-01,,"5'11""",204,41.8310404,-71.5412101
8479638,Justin Brazeau,R,PIT,16,New Liskeard,Ontario,CAN,1998-02-02,,"6'6""",232,47.5087310,-79.6789029
8482475,Egor Chinakhov,R,PIT,59,Omsk,,RUS,2001-02-01,,"6'1""",203,54.9923535,73.4653995
8471675,Sidney Crosby,C,PIT,87,Cole Harbour,Nova Scotia,CAN,1987-08-07,,"5'11""",200,44.6736008,-63.4877299
8480980,Connor Dewar,C,PIT,19,The Pas,Manitoba,CAN,1999-06-26,,"5'10""",187,53.8224172,-101.2405153
8480842,Filip Hallander,C,PIT,11,Sundsvall,,SWE,2000-06-29,,"6'1""",203,62.3907552,17.3071024
8482993,Avery Hayes,R,PIT,85,Westland,Michigan,USA,2002-10-10,,"5'10""",180,42.3238056,-83.4005321
8475763,Kevin Hayes,R,PIT,13,Dorchester,Massachusetts,USA,1992-05-08,,"6'3""",217,42.3013760,-71.0612744
8485414,Ben Kindel,C,PIT,81,Coquitlam,British Columbia,CAN,2007-04-19,,"5'11""",182,49.2842958,-122.7932810
8482758,Ville Koivunen,R,PIT,41,Oulu,,FIN,2003-06-13,,"6'0""",184,65.0117914,25.4701973
8481481,Blake Lizotte,C,PIT,46,Lindstrom,Minnesota,USA,1997-12-13,,"5'9""",176,45.3894083,-92.8479921
8471215,Evgeni Malkin,C,PIT,71,Magnitogorsk,,RUS,1986-07-31,,"6'5""",213,53.4244150,59.0000910
8477511,Anthony Mantha,R,PIT,39,Longueuil,Quebec,CAN,1994-09-16,,"6'5""",240,45.5176797,-73.4555790
8483487,Rutger McGroarty,R,PIT,2,Lincoln,Nebraska,USA,2004-03-30,,"6'1""",212,40.8088861,-96.7077751
8478438,Tommy Novak,C,PIT,18,St. Paul,Minnesota,USA,1997-04-28,,"6'1""",190,44.9497487,-93.0931028
8476483,Rickard Rakell,R,PIT,67,Sundbyberg,,SWE,1993-05-05,,"6'1""",194,59.3628802,17.9681359
8475810,Bryan Rust,R,PIT,17,Pontiac,Michigan,USA,1992-05-11,,"5'11""",202,42.6389216,-83.2910468
8481725,Elmer Soderblom,L,PIT,25,Gothenburg,,SWE,2001-07-05,,"6'8""",252,57.7072326,11.9670171
8477365,Connor Clifton,D,PIT,75,Matawan,New Jersey,USA,1995-04-28,,"6'0""",196,40.4148300,-74.2295891
8479398,Samuel Girard,D,PIT,49,Roberval,Quebec,CAN,1998-05-12,,"5'10""",170,49.2910032,2.6891349
8477435,Ryan Graves,D,PIT,27,Yarmouth,Nova Scotia,CAN,1995-05-21,,"6'5""",225,-43.5103452,172.7064595
8474578,Erik Karlsson,D,PIT,65,Landsbro,,SWE,1990-05-31,,"6'0""",185,60.0767933,23.6865749
8471724,Kris Letang,D,PIT,58,Montréal,Quebec,CAN,1987-04-24,,"6'0""",199,45.5137474,-73.6338787
8478854,Ryan Shea,D,PIT,5,Milton,Massachusetts,USA,1997-02-11,,"6'1""",200,42.2501425,-71.0655730
8482470,Ilya Solovyov,D,PIT,7,Mogilev,,BLR,2000-07-20,,"6'3""",208,53.9090245,30.3429838
8481030,Jack St. Ivany,D,PIT,3,Manhattan Beach,California,USA,1999-07-22,,"6'4""",197,33.8872777,-118.4104324
8478450,Parker Wotherspoon,D,PIT,28,Surrey,British Columbia,CAN,1997-08-24,,"6'1""",190,49.1567036,-122.7740362
8481668,Arturs Silovs,G,PIT,37,Riga,,LVA,2001-03-22,,"6'4""",208,56.9493977,24.1051846
8479973,Stuart Skinner,G,PIT,74,Edmonton,Alberta,CAN,1998-11-01,,"6'4""",215,53.5137810,-113.5396230
8482665,Matty Beniers,C,SEA,10,Hingham,Massachusetts,USA,2002-11-05,,"6'2""",181,42.2417669,-70.8897676
8484800,Berkly Catton,C,SEA,27,Saskatoon,Saskatchewan,CAN,2006-01-14,,"5'10""",179,52.1318020,-106.6607670
8474586,Jordan Eberle,R,SEA,7,Regina,Saskatchewan,CAN,1990-05-15,,"5'11""",180,50.4838949,-104.6191729
8484168,Oscar Fisker Molgaard,C,SEA,78,Hjørring,,DNK,2005-02-18,,"6'0""",168,57.4571830,9.9855998
8477919,Frederick Gaudreau,C,SEA,89,Bromont,Quebec,CAN,1993-05-01,,"6'0""",184,45.3187339,-72.6463074
8481554,Kaapo Kakko,R,SEA,84,Turku,,FIN,2001-02-13,,"6'1""",215,60.4515942,22.2669988
8477955,Jared McCann,L,SEA,19,Stratford,Ontario,CAN,1996-05-31,,"6'1""",191,-43.5179667,172.6027433
8482259,Bobby McMann,C,SEA,74,Wainwright,Alberta,CAN,1996-06-15,,"6'2""",217,52.8402725,-110.8514344
8482874,Jacob Melanson,R,SEA,63,Halifax,Nova Scotia,CAN,2003-04-22,,"6'0""",207,-43.4964318,172.5817965
8483570,Ben Meyers,C,SEA,59,Delano,Minnesota,USA,1998-11-15,,"5'11""",194,45.0419073,-93.7891331
8475768,Jaden Schwartz,L,SEA,17,Wilcox,Saskatchewan,CAN,1992-06-25,,"5'10""",185,31.9607840,-83.4379708
8476905,Chandler Stephenson,C,SEA,9,Saskatoon,Saskatchewan,CAN,1994-04-22,,"6'0""",201,52.1318020,-106.6607670
8480009,Eeli Tolvanen,R,SEA,20,Vihti,,FIN,1999-04-22,,"5'10""",182,60.4169963,24.3236640
8482751,Ryan Winterton,C,SEA,26,Markham,Ontario,CAN,2003-09-04,,"6'2""",175,43.8561273,-79.3035489
8483524,Shane Wright,C,SEA,51,Burlington,Ontario,CAN,2004-01-05,,"6'0""",192,-43.5479887,172.6426330
8478407,Vince Dunn,D,SEA,29,Mississauga,Ontario,CAN,1996-10-29,,"6'0""",200,43.5801288,-79.6479803
8482858,Ryker Evans,D,SEA,41,Calgary,Alberta,CAN,2001-12-13,,"6'0""",195,51.0414312,-114.0176929
8479985,Cale Fleury,D,SEA,8,Carlyle,Saskatchewan,CAN,1998-11-19,,"6'1""",204,-43.5412673,172.6370336
8476457,Adam Larsson,D,SEA,6,Skelleftea,,SWE,1992-11-12,,"6'3""",207,64.7520185,20.9593390
8479324,Ryan Lindgren,D,SEA,55,Burnsville,Minnesota,USA,1998-02-11,,"6'0""",194,44.7670567,-93.2773887
8479372,Joshua Mahura,D,SEA,28,St. Albert,Alberta,CAN,1998-05-05,,"6'0""",193,-44.3913283,171.2447053
8477986,Brandon Montour,D,SEA,62,Brantford,Ontario,CAN,1994-04-11,,"6'0""",199,43.1801872,-80.2411170
8476467,Jamie Oleksiak,D,SEA,24,Toronto,Ontario,CAN,1992-12-21,,"6'7""",252,43.7251226,-79.5514013
8478916,Joey Daccord,G,SEA,35,Boston,Massachusetts,USA,1996-08-19,,"6'2""",201,42.3588336,-71.0578303
8475831,Philipp Grubauer,G,SEA,31,Rosenheim,,DEU,1991-11-25,,"6'1""",188,47.8539273,12.1272620
8476899,Matt Murray,G,SEA,30,Thunder Bay,Ontario,CAN,1994-05-25,,"6'5""",220,50.2298564,-87.4261449
8484801,Macklin Celebrini,C,SJS,71,North Vancouver,British Columbia,CAN,2006-06-13,,"6'0""",190,49.3542956,-123.0578131
8484994,Igor Chernyshov,L,SJS,92,Penza,,RUS,2005-11-30,,"6'2""",195,53.1765982,45.0131181
8480848,Ty Dellandrea,C,SJS,10,Port Perry,Ontario,CAN,2000-07-21,,"6'2""",185,44.1054151,-78.9425076
8482667,William Eklund,L,SJS,72,Stockholm,,SWE,2002-10-12,,"5'10""",185,59.3587062,17.8736682
8478874,Adam Gaudette,R,SJS,81,Braintree,Massachusetts,USA,1996-10-03,,"6'1""",190,42.2205956,-71.0041229
8476624,Barclay Goodrow,C,SJS,23,Toronto,Ontario,CAN,1993-02-26,,"6'2""",210,43.7251226,-79.5514013
8484911,Collin Graf,R,SJS,51,Lincoln,Massachusetts,USA,2002-09-21,,"6'1""",190,42.4259283,-71.3039469
8480798,Philipp Kurashev,C,SJS,96,Munsingen,,CHE,1999-10-12,,"6'0""",190,46.8739775,7.5631943
8485402,Michael Misa,C,SJS,77,Oakville,Ontario,CAN,2007-02-16,,"6'1""",185,43.3940055,-79.7520106
8482859,Zack Ostapchuk,C,SJS,63,St. Albert,Alberta,CAN,2003-05-29,,"6'4""",212,-44.3913283,171.2447053
8471817,Ryan Reaves,R,SJS,75,Winnipeg,Manitoba,CAN,1987-01-20,,"6'2""",225,49.8825429,-97.1499315
8483630,Pavol Regenda,L,SJS,84,Michalovce,,SVK,1999-12-07,,"6'3""",215,48.7514383,21.9211949
8480748,Kiefer Sherwood,L,SJS,44,Columbus,Ohio,USA,1995-03-31,,"6'0""",194,39.9622601,-83.0007065
8484227,Will Smith,C,SJS,2,Boston,Massachusetts,USA,2005-03-17,,"6'0""",180,42.3588336,-71.0578303
8475726,Tyler Toffoli,C,SJS,73,Scarborough,Ontario,CAN,1992-04-24,,"6'0""",205,43.8209520,-79.3052626
8477505,Alexander Wennberg,C,SJS,21,Stockholm,,SWE,1994-09-22,,"6'2""",190,59.3587062,17.8736682
8479576,Vincent Desharnais,D,SJS,5,Laval,Quebec,CAN,1996-05-29,,"6'7""",225,48.0706687,-0.7734022
8484806,Sam Dickinson,D,SJS,6,Toronto,Ontario,CAN,2006-06-07,,"6'3""",200,43.7251226,-79.5514013
8479983,Mario Ferraro,D,SJS,38,Toronto,Ontario,CAN,1998-09-17,,"5'11""",200,43.7251226,-79.5514013
8475906,John Klingberg,D,SJS,3,Gothenburg,,SWE,1992-08-14,,"6'2""",185,57.7072326,11.9670171
8475181,Nick Leddy,D,SJS,4,Eden Prairie,Minnesota,USA,1991-03-20,,"6'0""",205,44.8546856,-93.4707860
8482166,Shakir Mukhamadullin,D,SJS,85,Ufa,,RUS,2002-01-10,,"6'4""",200,54.7051390,56.2487530
8475200,Dmitry Orlov,D,SJS,9,Novokuznetsk,,RUS,1991-07-23,,"5'11""",215,53.7575903,87.1358494
8482137,Yaroslav Askarov,G,SJS,30,Omsk,,RUS,2002-06-16,,"6'3""",180,54.9923535,73.4653995
8477968,Alex Nedeljkovic,G,SJS,33,Parma,Ohio,USA,1996-01-07,,"6'0""",205,41.3822398,-81.7355692
8481013,Jonatan Berggren,R,STL,29,Uppsala,,SWE,2000-07-16,,"5'11""",195,59.8461185,17.6828332
8477402,Pavel Buchnevich,L,STL,89,Cherepovets,,RUS,1995-04-17,,"6'1""",196,59.1242181,37.9123351
8477494,Jonathan Drouin,L,STL,92,Ste-Agathe,Quebec,CAN,1995-03-28,,"5'11""",189,49.1859234,-0.3533277
8484164,Dalibor Dvorsky,R,STL,54,Zvolen,,SVK,2005-06-15,,"6'1""",207,48.5782517,19.1247135
8482090,Jack Finley,C,STL,37,St. Louis,Missouri,USA,2002-09-02,,"6'6""",227,38.6254063,-90.1900090
8482077,Dylan Holloway,L,STL,81,Calgary,Alberta,CAN,2001-09-23,,"6'1""",207,51.0414312,-114.0176929
8479385,Jordan Kyrou,R,STL,25,Toronto,Ontario,CAN,1998-05-05,,"6'1""",189,43.7251226,-79.5514013
8482089,Jake Neighbours,L,STL,63,Calgary,Alberta,CAN,2002-03-29,,"6'0""",201,51.0414312,-114.0176929
8483516,Jimmy Snuggerud,R,STL,21,Minneapolis,Minnesota,USA,2004-06-01,,"6'1""",193,44.9772995,-93.2654692
8484230,Otto Stenberg,C,STL,28,Stenungsund,,SWE,2005-05-29,,"5'11""",188,58.0833330,11.9166670
8476897,Oskar Sundqvist,C,STL,70,Boden,,SWE,1994-03-23,,"6'3""",210,46.1229748,18.4846651
8480459,Pius Suter,C,STL,22,Zurich,,CHE,1996-05-24,,"5'11""",172,53.4822197,-2.2427220
8480023,Robert Thomas,C,STL,18,Aurora,Ontario,CAN,1999-07-02,,"6'0""",207,-43.5299480,172.5237035
8480281,Alexey Toropchenko,R,STL,13,Moscow,,RUS,1999-06-25,,"6'6""",225,55.6918053,37.5556847
8477573,Nathan Walker,L,STL,26,Cardiff,,GBR,1994-02-07,,"5'9""",191,51.4816546,-3.1791934
8481598,Philip Broberg,D,STL,6,Orebro,,SWE,2001-06-25,,"6'4""",210,59.2747287,15.2151181
8475764,Cam Fowler,D,STL,17,Windsor,Ontario,CAN,1991-12-05,,"6'2""",213,-43.7938324,172.0090008
8475718,Justin Holl,D,STL,4,Tonka Bay,Minnesota,USA,1992-01-30,,"6'4""",194,44.9085741,-93.5930133
8482516,Matthew Kessel,D,STL,51,Bloomfield Hills,Michigan,USA,2000-06-23,,"6'3""",212,42.5836450,-83.2454883
8484188,Theo Lindstein,D,STL,41,Gavle,,SWE,2005-01-05,,"6'0""",197,60.6750132,17.1467019
8482733,Logan Mailloux,D,STL,23,Belle River,Ontario,CAN,2003-04-15,,"6'3""",212,42.8916230,-82.7586550
8476892,Colton Parayko,D,STL,55,St. Albert,Alberta,CAN,1993-05-12,,"6'6""",228,-44.3913283,171.2447053
8481006,Tyler Tucker,D,STL,75,Thunder Bay,Ontario,CAN,2000-03-01,,"6'1""",204,50.2298564,-87.4261449
8476412,Jordan Binnington,G,STL,50,Richmond Hill,Ontario,CAN,1993-07-11,,"6'2""",172,43.8415634,-79.3997235
8480981,Joel Hofer,G,STL,30,Winnipeg,Manitoba,CAN,2000-07-30,,"6'5""",193,49.8825429,-97.1499315
8477416,Oliver Bjorkstrand,R,TBL,22,Herning,,DNK,1995-04-10,,"6'0""",175,56.1379757,8.9746623
8478519,Anthony Cirelli,C,TBL,71,Etobicoke,Ontario,CAN,1997-07-15,,"6'1""",193,43.7191987,-79.5751307
8476878,Zemgus Girgensons,C,TBL,28,Riga,,LVA,1994-01-05,,"6'3""",197,56.9493977,24.1051846
8482201,Gage Goncalves,C,TBL,93,Mission,British Columbia,CAN,2001-01-16,,"6'1""",189,49.1342767,-122.3062371
8476826,Yanni Gourde,C,TBL,37,Saint-Narcisse,Quebec,CAN,1991-12-15,,"5'9""",173,46.5640540,-72.4720000
8477404,Jake Guentzel,C,TBL,59,Omaha,Nebraska,USA,1994-10-06,,"5'11""",176,41.2587459,-95.9383758
8479542,Brandon Hagel,L,TBL,38,Saskatoon,Saskatchewan,CAN,1998-08-27,,"6'2""",186,52.1318020,-106.6607670
8480995,Pontus Holmberg,R,TBL,29,Vasteras,,SWE,1999-03-09,,"6'0""",201,59.6110992,16.5463679
8483752,Dominic James,C,TBL,17,Plymouth,Michigan,USA,2002-07-03,,"6'0""",190,42.3712000,-83.4675021
8476453,Nikita Kucherov,R,TBL,86,Maykop,,RUS,1993-06-17,,"6'0""",173,44.6062079,40.1040530
8477426,Nick Paul,L,TBL,20,Mississauga,Ontario,CAN,1995-03-20,,"6'4""",234,43.5801288,-79.6479803
8470621,Corey Perry,R,TBL,10,Peterborough,Ontario,CAN,1985-05-16,,"6'3""",210,-43.5251686,172.6407554
8478010,Brayden Point,C,TBL,21,Calgary,Alberta,CAN,1996-03-13,,"5'11""",177,51.0414312,-114.0176929
8477149,Scott Sabourin,R,TBL,46,Orleans,Ontario,CAN,1992-07-30,,"6'3""",205,-43.5341183,172.6389512
8483398,Declan Carlile,D,TBL,67,Hartland,Michigan,USA,2000-05-18,,"6'3""",190,42.6566970,-83.7530022
8478416,Erik Cernak,D,TBL,81,Kosice,,SVK,1997-05-28,,"6'4""",230,50.1797445,15.5349958
8481719,Max Crozier,D,TBL,24,Calgary,Alberta,CAN,2000-04-19,,"6'3""",204,51.0414312,-114.0176929
8480426,Charle-Edouard D'Astous,D,TBL,51,Rimouski,Quebec,CAN,1998-04-21,,"6'2""",211,48.4501550,-68.5299680
8475167,Victor Hedman,D,TBL,77,Ornskoldsvik,,SWE,1990-12-18,,"6'7""",244,63.2888613,18.7160209
8482929,Emil Lilleberg,D,TBL,78,Sarpsborg,,NOR,2001-02-02,,"6'3""",215,59.2549550,11.2297811
8474151,Ryan McDonagh,D,TBL,27,St. Paul,Minnesota,USA,1989-06-13,,"6'1""",216,44.9497487,-93.0931028
8482655,J.J. Moser,D,TBL,90,Biel,,CHE,2000-06-06,,"6'2""",183,47.1447314,7.2724890
8478178,Darren Raddysh,D,TBL,43,Toronto,Ontario,CAN,1996-02-28,,"6'1""",202,43.7251226,-79.5514013
8477463,Steven Santini,D,TBL,16,Bronxville,New York,USA,1995-03-07,,"6'3""",217,40.9381544,-73.8320784
8477992,Jonas Johansson,G,TBL,31,Gavle,,SWE,1995-09-19,,"6'5""",220,60.6750132,17.1467019
8476883,Andrei Vasilevskiy,G,TBL,88,Tyumen,,RUS,1994-07-25,,"6'4""",223,57.1802418,65.7279366
8484158,Easton Cowan,R,TOR,53,Mount Brydges,Ontario,CAN,2005-05-20,,"6'0""",190,42.9097165,-81.4957317
8477503,Max Domi,C,TOR,11,Winnipeg,Manitoba,CAN,1995-03-02,,"5'10""",208,49.8825429,-97.1499315
8480870,Bo Groulx,C,TOR,29,Rouen,,FRA,2000-02-06,,"6'2""",202,49.4404591,1.0939658
8475714,Calle Jarnkrok,C,TOR,19,Gavle,,SWE,1991-09-25,,"6'0""",193,60.6750132,17.1467019
8478057,Dakota Joshua,C,TOR,81,Dearborn,Michigan,USA,1996-05-15,,"6'3""",218,42.3222599,-83.1763145
8482720,Matthew Knies,L,TOR,23,Phoenix,Arizona,USA,2002-10-17,,"6'3""",232,33.4484367,-112.0741410
8478904,Steven Lorentz,C,TOR,18,Kitchener,Ontario,CAN,1996-04-13,,"6'4""",219,43.4497181,-80.4910447
8481711,Matias Maccelli,L,TOR,63,Turku,,FIN,2000-10-14,,"5'11""",187,60.4515942,22.2669988
8479318,Auston Matthews,C,TOR,34,San Ramon,California,USA,1997-09-17,,"6'3""",215,37.7648021,-121.9544387
8477939,William Nylander,R,TOR,88,Calgary,Alberta,CAN,1996-05-01,,"6'0""",200,51.0414312,-114.0176929
8479543,Michael Pezzetta,L,TOR,61,Toronto,Ontario,CAN,1998-03-13,,"6'1""",222,43.7251226,-79.5514013
8484901,Jacob Quillan,C,TOR,26,Dartmouth,Nova Scotia,CAN,2002-02-02,,"6'1""",204,43.7046757,-72.2942089
8481582,Nicholas Robertson,L,TOR,89,Pasadena,California,USA,2001-09-11,,"5'9""",180,34.1476507,-118.1441550
8475166,John Tavares,C,TOR,91,Mississauga,Ontario,CAN,1990-09-20,,"6'1""",217,43.5801288,-79.6479803
8481122,Simon Benoit,D,TOR,2,Laval,Quebec,CAN,1998-09-19,,"6'4""",210,48.0706687,-0.7734022
8478443,Brandon Carlo,D,TOR,25,Colorado Springs,Colorado,USA,1996-11-26,,"6'5""",227,38.8339578,-104.8253480
8475171,Oliver Ekman-Larsson,D,TOR,95,Karlskrona,,SWE,1991-07-17,,"6'2""",190,56.1621073,15.5866422
8476931,Jake McCabe,D,TOR,22,Eau Claire,Wisconsin,USA,1993-10-12,,"6'1""",210,44.8113490,-91.4984941
8479026,Philippe Myers,D,TOR,51,Moncton,New Brunswick,CAN,1997-01-25,,"6'5""",221,46.0985679,-64.8004265
8476853,Morgan Rielly,D,TOR,44,Vancouver,British Columbia,CAN,1994-03-09,,"6'1""",219,49.2555365,-123.1149370
8479442,Troy Stecher,D,TOR,28,Richmond,British Columbia,CAN,1994-04-07,,"5'10""",184,49.1757480,-123.1323732
8475690,Chris Tanev,D,TOR,8,Toronto,Ontario,CAN,1989-12-20,,"6'3""",200,43.7251226,-79.5514013
8476932,Anthony Stolarz,G,TOR,41,Edison,New Jersey,USA,1994-01-20,,"6'6""",248,40.5005351,-74.3983939
8479361,Joseph Woll,G,TOR,60,Dardenne Prairie,Missouri,USA,1998-07-12,,"6'3""",212,38.7694969,-90.7290157
8479619,Michael Carcone,L,UTA,53,Ajax,Ontario,CAN,1996-05-19,,"5'9""",182,-43.5799769,170.6526116
8483431,Logan Cooley,C,UTA,92,Pittsburgh,Pennsylvania,USA,2004-05-04,,"6'0""",191,40.4406968,-80.0025666
8478474,Lawson Crouse,L,UTA,67,Mt. Brydges,Ontario,CAN,1997-06-23,,"6'4""",214,42.9097165,-81.4957317
8482699,Dylan Guenther,R,UTA,11,Edmonton,Alberta,CAN,2003-04-10,,"6'1""",191,53.5137810,-113.5396230
8480849,Barrett Hayton,C,UTA,27,Peterborough,Ontario,CAN,2000-06-09,,"6'1""",200,-43.5251686,172.6407554
8479343,Clayton Keller,R,UTA,9,Chesterfield,Missouri,USA,1998-07-29,,"5'10""",175,38.6581764,-90.5680617
8477021,Alexander Kerfoot,C,UTA,15,Vancouver,British Columbia,CAN,1994-08-11,,"5'11""",185,49.2555365,-123.1149370
8480855,Jack McBain,C,UTA,22,Toronto,Ontario,CAN,2000-01-06,,"6'4""",219,43.7251226,-79.5514013
8477070,Liam O'Brien,C,UTA,38,Halifax,Nova Scotia,CAN,1994-07-29,,"6'1""",215,-43.4964318,172.5817965
8482175,JJ Peterka,R,UTA,77,Munich,,DEU,2002-01-14,,"6'0""",189,41.5257541,2.0997217
8477951,Nick Schmaltz,C,UTA,8,Madison,Wisconsin,USA,1996-02-23,,"6'0""",184,43.0746900,-89.3841663
8478831,Kevin Stenlund,C,UTA,82,Stockholm,,SWE,1996-09-20,,"6'3""",213,59.3587062,17.8736682
8479293,Brandon Tanev,L,UTA,13,Toronto,Ontario,CAN,1991-12-31,,"6'0""",189,43.7251226,-79.5514013
8479977,Kailer Yamamoto,R,UTA,56,Spokane,Washington,USA,1998-09-29,,"5'9""",178,47.6571934,-117.4235100
8474013,Ian Cole,D,UTA,28,Ann Arbor,Michigan,USA,1989-02-21,,"6'1""",237,42.2813722,-83.7484616
8480084,Nick DeSimone,D,UTA,57,East Amherst,New York,USA,1994-11-21,,"6'2""",194,43.0183913,-78.6966970
8480434,Sean Durzi,D,UTA,50,Mississauga,Ontario,CAN,1998-10-21,,"6'1""",196,43.5801288,-79.6479803
8478507,John Marino,D,UTA,6,North Easton,Massachusetts,USA,1997-05-21,,"6'1""",200,42.0667665,-71.1036592
8477220,Nate Schmidt,D,UTA,88,St. Cloud,Minnesota,USA,1991-07-16,,"6'0""",197,45.5746430,-94.1205808
8479410,Mikhail Sergachev,D,UTA,98,Nizhnekamsk,,RUS,1998-06-25,,"6'3""",212,55.6412879,51.8160376
8477346,MacKenzie Weegar,D,UTA,52,Ottawa,Ontario,CAN,1994-01-07,,"6'0""",206,45.4041115,-75.7118830
8477970,Vitek Vanecek,G,UTA,41,Havlickuv Brod,,CZE,1996-01-09,,"6'2""",184,49.6069420,15.5795748
8478872,Karel Vejmelka,G,UTA,70,Trebic,,CZE,1996-05-25,,"6'4""",221,49.2151907,15.8816091
8482496,Nils Aman,C,VAN,88,Avesta,,SWE,2000-02-07,,"6'2""",179,60.2166670,16.3333330
8476927,Teddy Blueger,C,VAN,53,Riga,,LVA,1994-08-15,,"6'0""",185,56.9493977,24.1051846
8478444,Brock Boeser,R,VAN,6,Burnsville,Minnesota,USA,1997-02-25,,"6'1""",208,44.7670567,-93.2773887
8480078,Filip Chytil,C,VAN,72,Kromeriz,,CZE,1999-09-05,,"6'2""",210,49.2984191,17.3929804
8478498,Jake DeBrusk,L,VAN,74,Edmonton,Alberta,CAN,1996-10-17,,"6'1""",198,53.5137810,-113.5396230
8480876,Curtis Douglas,C,VAN,42,Oakville,Ontario,CAN,2000-03-06,,"6'9""",242,43.3940055,-79.7520106
8481535,Nils Hoglander,L,VAN,21,Bockträsk,,SWE,2000-12-20,,"5'9""",185,60.2280220,24.5220439
8475169,Evander Kane,L,VAN,91,Vancouver,British Columbia,CAN,1991-08-02,,"6'2""",218,49.2555365,-123.1149370
8481024,Linus Karlsson,C,VAN,94,Landsbro,,SWE,1999-11-16,,"6'1""",178,60.0767933,23.6865749
8484406,Ty Mueller,C,VAN,39,Edmonton,Alberta,CAN,2003-02-26,,"5'11""",185,53.5137810,-113.5396230
8482055,Drew O'Connor,L,VAN,18,Chatham,New Jersey,USA,1998-06-09,,"6'4""",209,40.7409242,-74.3836711
8483499,Liam Ohgren,L,VAN,92,Stockholm,,SWE,2004-01-28,,"6'0""",187,59.3587062,17.8736682
8480012,Elias Pettersson,C,VAN,40,Sundsvall,,SWE,1998-11-12,,"6'2""",176,62.3907552,17.3071024
8482691,Aatu Räty,C,VAN,54,Oulu,,FIN,2002-11-14,,"6'2""",204,65.0117914,25.4701973
8482079,Marco Rossi,C,VAN,93,Feldkirch,,AUT,2001-09-23,,"5'9""",182,47.8647485,7.2730686
8484136,Max Sasson,C,VAN,63,Birmingham,Michigan,USA,2000-09-05,,"6'1""",181,42.5467012,-83.2113192
8484798,Zeev Buium,D,VAN,24,San Diego,California,USA,2005-12-07,,"6'0""",183,32.7174202,-117.1627720
8475762,Derek Forbort,D,VAN,27,Duluth,Minnesota,USA,1992-03-04,,"6'4""",216,46.7838287,-92.1052679
8479425,Filip Hronek,D,VAN,17,Hradec Kralove,,CZE,1997-11-02,,"6'0""",190,50.2143189,15.8320689
8480058,Pierre-Olivier Joseph,D,VAN,7,Laval,Quebec,CAN,1999-07-01,,"6'2""",185,48.0706687,-0.7734022
8483768,Victor Mancini,D,VAN,90,Hancock,Michigan,USA,2002-05-26,,"6'3""",229,47.1268710,-88.5809560
8483678,Elias Pettersson,D,VAN,25,Vasteras,,SWE,2004-02-16,,"6'2""",185,59.6110992,16.5463679
8477969,Marcus Pettersson,D,VAN,29,Skelleftea,,SWE,1996-05-08,,"6'5""",174,64.7520185,20.9593390
8484240,Tom Willander,D,VAN,5,Stockholm,,SWE,2005-02-09,,"6'1""",180,59.3587062,17.8736682
8477967,Thatcher Demko,G,VAN,35,San Diego,California,USA,1995-12-08,,"6'4""",192,32.7174202,-117.1627720
8480947,Kevin Lankinen,G,VAN,32,Helsinki,,FIN,1995-04-28,,"6'2""",190,60.1839934,24.9589871
8484268,Nikita Tolopilo,G,VAN,60,Minsk,,BLR,2000-04-06,,"6'6""",229,53.9441345,27.6662030
8477964,Ivan Barbashev,L,VGK,49,Moscow,,RUS,1995-12-14,,"6'0""",203,55.6918053,37.5556847
8481604,Pavel Dorofeyev,R,VGK,16,Nizhny Tagil,,RUS,2000-10-26,,"6'1""",194,57.8413361,60.0309600
8475343,Nic Dowd,C,VGK,26,Huntsville,Alabama,USA,1990-05-27,,"6'2""",195,34.7298470,-86.5859011
8478403,Jack Eichel,C,VGK,9,North Chelmsford,Massachusetts,USA,1996-10-28,,"6'2""",208,42.6389798,-71.3828403
8476881,Tomas Hertl,C,VGK,48,Praha,,CZE,1993-11-12,,"6'3""",220,50.0490280,14.3137333
8482125,Alexander Holtz,R,VGK,11,Stockholm,,SWE,2002-01-23,,"6'0""",198,59.3587062,17.8736682
8479353,Brett Howden,C,VGK,21,Oakbank,Manitoba,CAN,1998-03-29,,"6'2""",201,-34.9839126,138.8439764
8476448,William Karlsson,C,VGK,71,Marsta,,SWE,1993-01-08,,"6'0""",190,59.6252383,17.8515672
8478434,Keegan Kolesar,R,VGK,55,Brandon,Manitoba,CAN,1997-04-08,,"6'2""",216,-43.2996694,172.6086816
8478483,Mitch Marner,R,VGK,93,Markham,Ontario,CAN,1997-05-05,,"6'0""",180,43.8561273,-79.3035489
8476438,Brandon Saad,L,VGK,20,Pittsburgh,Pennsylvania,USA,1992-10-27,,"6'1""",207,40.4406968,-80.0025666
8476925,Colton Sissons,C,VGK,10,North Vancouver,British Columbia,CAN,1993-11-05,,"6'1""",200,49.3542956,-123.0578131
8482062,Cole Smith,R,VGK,22,Brainerd,Minnesota,USA,1995-10-28,,"6'3""",195,46.3580221,-94.2008288
8475191,Reilly Smith,R,VGK,19,Mimico,Ontario,CAN,1991-04-01,,"6'1""",185,43.6166773,-79.4968048
8475913,Mark Stone,R,VGK,61,Winnipeg,Manitoba,CAN,1992-05-13,,"6'3""",210,49.8825429,-97.1499315
8478397,Rasmus Andersson,D,VGK,4,Malmo,,SWE,1996-10-27,,"6'1""",202,55.6052931,13.0001566
8478396,Noah Hanifin,D,VGK,15,Boston,Massachusetts,USA,1997-01-25,,"6'3""",206,42.3588336,-71.0578303
8477018,Ben Hutton,D,VGK,17,Brockville,Ontario,CAN,1993-04-20,,"6'3""",209,44.6039207,-75.7016829
8481527,Kaedan Korczak,D,VGK,6,Yorkton,Saskatchewan,CAN,2001-01-29,,"6'3""",206,51.2120450,-102.4612430
8478468,Jeremy Lauzon,D,VGK,5,Val-d'Or,Quebec,CAN,1997-04-28,,"6'3""",225,49.1742578,-0.3449304
8475188,Brayden McNabb,D,VGK,3,Davidson,Saskatchewan,CAN,1991-01-21,,"6'4""",215,-43.5463567,172.5145969
8477447,Shea Theodore,D,VGK,27,Aldergrove,British Columbia,CAN,1995-08-03,,"6'2""",197,54.6448939,-6.2429127
8479394,Carter Hart,G,VGK,79,Sherwood Park,Alberta,CAN,1998-08-13,,"6'2""",196,-43.9633266,170.8294016
8478499,Adin Hill,G,VGK,33,Comox,British Columbia,CAN,1996-05-11,,"6'4""",222,49.6727575,-124.9276204
8481033,Akira Schmid,G,VGK,40,Bern,,CHE,2000-05-12,,"6'5""",190,20.0642532,103.9770180
8480289,Morgan Barron,C,WPG,36,Halifax,Nova Scotia,CAN,1998-12-02,,"6'4""",220,-43.4964318,172.5817965
8478398,Kyle Connor,L,WPG,81,Shelby Township,Michigan,USA,1996-12-09,,"6'1""",183,43.5974492,-86.3379509
8484135,Parker Ford,C,WPG,25,Wakefield,Rhode Island,USA,2000-07-20,,"5'9""",181,41.4373240,-71.5014469
8480113,Alex Iafallo,L,WPG,9,Eden,New York,USA,1993-12-21,,"6'0""",201,42.6523734,-78.8954064
8481043,Cole Koepke,L,WPG,45,Two Harbors,Minnesota,USA,1998-05-17,,"6'1""",207,47.0257139,-91.6730523
8483471,Brad Lambert,C,WPG,93,Lahti,,FIN,2003-12-19,,"6'1""",173,60.9826280,25.6613418
8476392,Adam Lowry,C,WPG,17,St. Louis,Missouri,USA,1993-03-29,,"6'5""",210,38.6254063,-90.1900090
8476480,Vladislav Namestnikov,C,WPG,7,Zhukovskiy,,RUS,1992-11-22,,"6'0""",181,53.8907473,59.0129537
8475799,Nino Niederreiter,R,WPG,62,Chur,,CHE,1992-09-08,,"6'2""",218,46.8547470,9.5264904
8474679,Gustav Nyquist,R,WPG,14,Halmstad,,SWE,1989-09-01,,"5'11""",180,56.6739826,12.8574827
8482149,Cole Perfetti,C,WPG,91,Whitby,Ontario,CAN,2002-01-01,,"5'11""",185,-43.4988576,172.5698704
8482765,Isak Rosen,R,WPG,27,Solna,,SWE,2003-03-15,,"6'0""",185,49.2234674,18.7393139
8476460,Mark Scheifele,C,WPG,55,Kitchener,Ontario,CAN,1993-03-15,,"6'3""",207,43.4497181,-80.4910447
8473604,Jonathan Toews,C,WPG,19,Winnipeg,Manitoba,CAN,1988-04-29,,"6'2""",201,49.8825429,-97.1499315
8480014,Gabriel Vilardi,C,WPG,13,Kingston,Ontario,CAN,1999-08-16,,"6'3""",216,44.2449282,-76.5652977
8483526,Danil Zhilkin,C,WPG,53,Moscow,,RUS,2003-12-19,,"6'1""",192,55.6918053,37.5556847
8480196,Jacob Bryson,D,WPG,78,London,Ontario,CAN,1997-11-18,,"5'9""",177,42.9564040,-81.2301775
8476331,Dylan DeMelo,D,WPG,2,London,Ontario,CAN,1993-05-01,,"6'1""",194,42.9564040,-81.2301775
8477938,Haydn Fleury,D,WPG,24,Carlyle,Saskatchewan,CAN,1996-07-08,,"6'4""",207,-43.5412673,172.6370336
8481572,Ville Heinola,D,WPG,34,Honkajoki,,FIN,2001-03-02,,"6'0""",181,61.9930250,22.2637409
8476525,Colin Miller,D,WPG,6,Sault Ste. Marie,Ontario,CAN,1992-10-29,,"6'1""",200,46.5126554,-84.3330301
8477504,Josh Morrissey,D,WPG,44,Calgary,Alberta,CAN,1995-03-28,,"6'0""",195,51.0414312,-114.0176929
8480145,Neal Pionk,D,WPG,4,Omaha,Nebraska,USA,1995-07-29,,"6'0""",190,41.2587459,-95.9383758
8483510,Elias Salomonsson,D,WPG,57,Skelleftea,,SWE,2004-08-31,,"6'0""",172,64.7520185,20.9593390
8480049,Dylan Samberg,D,WPG,54,Saginaw,Minnesota,USA,1999-01-24,,"6'4""",216,46.8591081,-92.4443566
8477480,Eric Comrie,G,WPG,1,Edmonton,Alberta,CAN,1995-07-06,,"6'1""",190,53.5137810,-113.5396230
8476945,Connor Hellebuyck,G,WPG,37,Commerce,Michigan,USA,1993-05-19,,"6'4""",207,42.5911431,-83.4907721
8478463,Anthony Beauvillier,R,WSH,72,Sorel-Tracy,Quebec,CAN,1997-06-08,,"5'11""",181,46.0435235,-73.1165159
8479400,Pierre-Luc Dubois,C,WSH,80,Ste-Agathe-des-Monts,Quebec,CAN,1998-06-24,,"6'4""",220,46.0460720,-74.2799380
8479520,Brandon Duhaime,L,WSH,22,Coral Springs,Florida,USA,1997-05-22,,"6'2""",210,26.2711920,-80.2706044
8483573,Ethen Frank,R,WSH,53,Aurora,Colorado,USA,1998-02-05,,"5'11""",188,39.7405111,-104.8309940
8480144,David Kampf,C,WSH,64,Chomutov,,CZE,1995-01-12,,"6'2""",198,50.4606456,13.4178324
8482148,Hendrix Lapierre,C,WSH,29,Gatineau,Quebec,CAN,2002-02-09,,"6'0""",195,45.4277659,-75.7109760
8484186,Ryan Leonard,R,WSH,9,Northampton,Massachusetts,USA,2005-01-21,,"6'1""",205,42.3178989,-72.6311006
8481580,Connor McMichael,L,WSH,24,Ajax,Ontario,CAN,2001-01-15,,"6'0""",180,-43.5799769,170.6526116
8471214,Alex Ovechkin,L,WSH,8,Moscow,,RUS,1985-09-17,,"6'3""",238,55.6918053,37.5556847
8481656,Aliaksei Protas,L,WSH,21,Vitebsk,,BLR,2001-01-06,,"6'6""",250,55.1930197,30.2070437
8482088,Justin Sourdif,C,WSH,34,Richmond,British Columbia,CAN,2002-03-24,,"6'0""",195,49.1757480,-123.1323732
8478440,Dylan Strome,C,WSH,17,Mississauga,Ontario,CAN,1997-03-07,,"6'4""",200,43.5801288,-79.6479803
8476880,Tom Wilson,R,WSH,43,Toronto,Ontario,CAN,1994-03-29,,"6'4""",225,43.7251226,-79.5514013
8480990,Declan Chisholm,D,WSH,47,Bowmanville,Ontario,CAN,2000-01-12,,"6'1""",205,43.9122995,-78.6891675
8479345,Jakob Chychrun,D,WSH,6,Boca Raton,Florida,USA,1998-03-31,,"6'2""",215,26.3586885,-80.0830984
8480796,Martin Fehérváry,D,WSH,42,Bratislava,,SVK,1999-10-06,,"6'2""",215,48.1559178,17.1313541
8484873,Cole Hutson,D,WSH,44,St. Louis,Missouri,USA,2006-06-28,,"5'11""",175,38.6254063,-90.1900090
8480043,Timothy Liljegren,D,WSH,27,Kristianstad,,SWE,1999-04-30,,"6'1""",200,56.0293778,14.1566859
8475795,Dylan McIlrath,D,WSH,52,Winnipeg,Manitoba,CAN,1992-04-20,,"6'5""",240,49.8825429,-97.1499315
8478911,Matt Roy,D,WSH,3,Detroit,Michigan,USA,1995-03-01,,"6'2""",220,42.3315509,-83.0466403
8480873,Rasmus Sandin,D,WSH,38,Uppsala,,SWE,2000-03-07,,"5'11""",189,59.8461185,17.6828332
8477845,Trevor van Riemsdyk,D,WSH,57,Middletown,New Jersey,USA,1991-07-24,,"6'3""",210,40.3898188,-74.1162152
8479292,Charlie Lindgren,G,WSH,79,Lakeville,Minnesota,USA,1993-12-18,,"6'2""",190,44.6500510,-93.2432791
8480313,Logan Thompson,G,WSH,48,Calgary,Alberta,CAN,1997-02-25,,"6'4""",207,51.0414312,-114.0176929
